accelerometer,gyroscope,activity
11.802857225639665,7.061978796339918,Falling
7.984250789732435,4.783331011414365,Struggling
0.45924889196586716,0.2669668889112175,Standing
0.020584494295802447,0.7759278817295955,Standing
11.754210836063,4.50272568044355,Falling
8.733618039413734,5.564847850358382,Falling
7.159725093210579,4.164916560792168,Struggling
0.3998609717152555,0.03733253057089234,Standing
9.465447373174767,6.096244944759626,Falling
0.38246199126716274,0.7865847086454306,Standing
1.5929008254399954,1.4113172778521577,Walking
7.252496259847715,3.053059844639466,Struggling
3.4312640661491187,1.7125960221746916,Walking
1.5319325044404284,0.8463407384332235,Walking
9.760609974958406,4.927133821956726,Falling
9.165974558680823,3.6934586140310883,Struggling
2.017559963200034,1.4937834265309728,Walking
5.700623497964979,3.1238249886045666,Running
8.739417822102109,7.893546197175954,Falling
5.799016533479063,3.685450708005443,Running
10.39159991524434,7.726559822580909,Falling
8.180909155642151,5.638656157671425,Falling
6.356745158869479,6.314950036607717,Struggling
7.861021229056552,4.321102743060054,Running
5.704621124873813,6.208787923016159,Struggling
1.5312728134823879,1.1351022210595545,Walking
1.8974313630683448,0.5082831756854036,Walking
0.19884240408880516,0.56907356219892,Standing
0.7712703466859457,0.05923572138727229,Standing
4.463476238100519,5.0893102776267805,Running
9.323592099410597,4.722454226001083,Falling
8.64803089169032,5.550229885420853,Struggling
0.5612434258477011,0.3063414998030319,Standing
0.7607850486168974,0.449021758055597,Standing
0.5227328293819941,0.3420328146868397,Standing
5.757346007463081,3.1051576070061886,Running
2.1287119621526536,1.262856036747054,Walking
6.246461145744375,4.641531692142519,Struggling
0.2030612247347694,0.7542828564463848,Standing
0.6947849330397046,0.7043742712122062,Standing
7.232481518257668,4.400211269531271,Running
11.214688307596457,5.152995206101125,Falling
0.32434502100527396,0.09767036376053868,Standing
2.1360069499437278,0.6650778867915151,Walking
2.7953802410827246,0.5007805654929738,Walking
9.303652916281717,3.027808522124763,Struggling
0.417411003148779,0.1776862483765842,Standing
0.2694123337985215,0.19530041779821936,Standing
0.32320293202075523,0.4150324973946929,Standing
2.3076723421160814,0.5973383706634723,Walking
7.849789179768445,3.2553468874760925,Running
6.849082359697768,2.9442607898602,Running
2.03356202855057,1.9649224337489795,Walking
8.205915004999957,5.47526262482814,Falling
2.7687026894027276,1.5210581773321503,Walking
7.447263801387815,6.942601816442403,Struggling
8.323413305330861,5.793790596214915,Falling
2.956432697223719,1.05167469907888,Walking
11.933692563579372,5.895885548555936,Falling
1.801435087930859,1.262298165111078,Walking
9.291794024068599,4.303835620807539,Struggling
8.066351315711424,6.292325704047483,Falling
0.3486659872917294,0.07694124087313661,Standing
2.881875476204932,1.0801030194508061,Walking
7.350840423629312,4.5270703511178425,Running
1.7269470424811781,1.887040427417844,Walking
5.031766510860622,4.479952138102537,Running
7.928673373317743,4.049907673813043,Running
1.9837045818009034,0.6396541517088488,Walking
10.23317381442839,7.589227201162689,Falling
2.0577427051843635,1.550536744959157,Walking
0.8563242918780924,0.32360650169775207,Standing
2.7840632923085753,0.6262099474925733,Walking
11.594216754108317,6.622501708808565,Falling
0.3722827665617431,0.7521067539662227,Standing
1.5101231676924374,0.741212077126248,Walking
5.942455014344906,3.845272428958742,Running
6.1213465473027995,5.848716885390143,Struggling
2.4877874303668692,0.7682340638319932,Walking
0.6576128923003434,0.45464688266837733,Standing
10.03525630735504,6.727164163650634,Falling
7.433710764797276,6.624395150874216,Struggling
0.7948113035416484,0.4021096744841537,Standing
10.6756962386524,7.524586477751661,Falling
10.889808461046021,5.482703268542995,Falling
0.768554014306309,0.034883017403547004,Standing
11.761834337411656,7.838750019509056,Falling
9.417470111331294,5.990875095589656,Struggling
9.641592812938626,4.712736593269257,Struggling
7.861462345854191,6.921326334864183,Struggling
9.177795568278343,5.847842050106738,Falling
2.133844010312555,0.7542391200291387,Walking
2.2893829336189446,1.766319711089467,Walking
0.570061170089365,0.07774119501661483,Standing
5.016654596278955,3.385871765256816,Running
6.963074471016817,4.591047222985804,Running
0.7089109969101186,0.4422559815263262,Standing
7.2374446219140545,4.930340184037542,Running
2.723027421731361,0.6223912706003605,Walking
2.755788829897272,0.7914109302680634,Walking
11.54646859580264,4.596658701557966,Falling
4.375927759363476,4.234840422988522,Running
0.46559801813246016,0.43411570776606134,Standing
9.194667510346816,6.441618473246701,Struggling
1.5746963774984288,1.7339008409894874,Walking
0.12706051265188478,0.4177946080438435,Standing
6.35771457909871,6.861007321563079,Struggling
11.368092300047925,5.180330118982056,Falling
0.6374299014982066,0.5808730669781292,Standing
9.847684335570795,5.858380416719808,Struggling
0.7951861947687037,0.21666580100965938,Standing
10.976170571996462,5.378011845713314,Falling
7.8505936587117,5.007940361536617,Running
2.876999801530733,0.5872903932626654,Walking
4.625748170684345,3.250728694493786,Running
2.8203947534354628,0.9199008454189143,Walking
8.689484583478842,5.217416210045602,Struggling
7.09800031213895,3.99092395800463,Struggling
0.7578461104643691,0.011514790903804695,Standing
8.184010568087011,4.642550808116395,Falling
8.701321079557355,4.5600638564111255,Falling
5.966463500467329,3.920415312341697,Running
2.429347625879223,1.474660523964145,Walking
6.463400392208866,4.405280952602931,Running
5.043574493366856,2.545913620871154,Running
0.5031362585800877,0.6851918729506579,Standing
8.419818846990704,5.463404657559655,Struggling
4.106045242166488,4.25732674382039,Running
0.8009492946823997,0.5417346739063854,Standing
0.6432882184423532,0.36660231239321334,Standing
0.8206394757439553,0.5007517360812582,Standing
3.4223811276478284,1.8580259629340956,Walking
9.095844509284536,5.2510619189793095,Falling
4.155852529240935,4.354761653013679,Running
2.8114452707614843,1.0780949314483474,Walking
4.093087742943304,4.943405447766807,Running
2.4920749085868126,1.539335538037909,Walking
6.5157713871195355,5.132416040581159,Running
9.671784126862315,7.886531930320866,Falling
8.70975817511889,7.127151630743004,Falling
0.9905051420006733,0.3300941415291412,Standing
5.000065796864419,4.24163203703173,Running
6.192984298951701,5.719379119600983,Struggling
1.9764723048079589,1.0665933292644423,Walking
2.510504744895714,1.7396861991616124,Walking
9.477616142481002,4.556806714936652,Struggling
11.834165987532794,7.465001004334564,Falling
2.1386272751808297,1.9250929505762073,Walking
10.293751552493145,6.7114302425942975,Falling
5.458520736292406,5.409763703604476,Struggling
10.690073824308154,7.13331085303188,Falling
1.726929204034896,1.8963936585309389,Walking
4.230235040066577,4.148586646971207,Running
8.685177783955044,5.183663080659956,Struggling
0.11706701642760586,0.11439334564226869,Standing
7.347855496949496,5.100606115932524,Running
6.112882087855152,4.5866064078170075,Struggling
0.7062422271564962,0.06507902451351981,Standing
6.166140362122639,5.32522166890713,Struggling
6.8532107353344545,6.25119826903001,Struggling
2.6837774776425687,1.0253273700504704,Walking
8.334002866794675,7.220014205746029,Falling
0.24872415443028795,0.2642020232152788,Standing
0.25368217387313874,0.3241616694251337,Standing
6.963895443642674,4.801584559325715,Running
2.988423313886596,1.5215591406453635,Walking
11.848690193898168,5.812047028332964,Falling
1.6657826433867085,1.2925551819458136,Walking
9.816112697203057,3.0486178987592654,Struggling
5.215799559752881,6.564572454792284,Struggling
9.964823980596503,3.2951862589415954,Struggling
0.6954111231066475,0.06034763767181542,Standing
1.9336182131729824,0.9417409202591448,Walking
2.755116160168127,1.3764714678846504,Walking
3.3305086833382127,1.9380536111117692,Walking
8.427024263743537,5.674810226789371,Falling
4.752484638895045,3.8910952148199467,Running
4.917578982819799,3.2978137748927168,Running
9.871974038330833,6.9448429779184115,Struggling
2.0595270143378914,1.1168100813082793,Walking
8.423655862769397,3.650467757379565,Struggling
0.822537242923169,0.7598399306335393,Standing
8.06707597967895,4.6729721451624755,Struggling
6.20635149017628,2.994502783411003,Running
3.055204567470451,1.220555122799532,Walking
2.2534779398758813,1.624367449964108,Walking
3.4398287956292064,1.7631783847035631,Walking
5.317559147950007,3.1472874705439655,Struggling
1.5273439296539946,0.6130385905286935,Walking
11.25160403652031,7.999011856501458,Falling
0.5554317056026274,0.6151899321444084,Standing
8.785406010212279,4.511402197103146,Struggling
7.252720676550467,3.51663766060598,Struggling
0.2747317970259088,0.16578211920644517,Standing
2.8434013688117137,1.4271923606868437,Walking
9.074689928101229,4.577646597106056,Falling
6.081230803615173,4.8169551752069175,Running
0.3077772397710494,0.6531085881704499,Standing
10.243751886141546,7.568287609304208,Falling
2.679911794275272,1.2200689505277127,Walking
8.101547756767324,5.816319072396894,Struggling
0.9031510586766263,0.49381096967783367,Standing
5.402350235226388,4.269753060563899,Running
0.09100209105133028,0.5811176261201826,Standing
2.527978978319622,1.6754795191117147,Walking
9.191837806167802,6.332607966052539,Falling
3.3990412473152842,0.7206102213935569,Walking
2.4842325861590764,0.8873665824484376,Walking
9.900162876427386,4.970472375971479,Struggling
6.045653955392571,5.318599737886954,Struggling
0.07586332810866392,0.10310377752851939,Standing
0.13882717264941014,0.5126997958425717,Standing
9.382669133295453,7.638759434671041,Falling
0.5152360548642109,0.7784882794160835,Standing
5.961445094043354,3.1634744650659155,Struggling
6.725413139111934,4.390476857930734,Struggling
7.743576546037043,5.1376940149300925,Struggling
8.82533487362317,5.774944513668264,Falling
6.761579314517461,2.617936419523297,Running
2.462290788112586,1.5316770756441245,Walking
0.9208724005318132,0.048862367883891006,Standing
7.473204428142347,2.753551023042046,Running
0.18452101935637732,0.16747945866936825,Standing
7.039821635750343,4.093797261920602,Running
6.989883752535026,2.610049608671794,Running
0.7133495858845524,0.7161654701497595,Standing
0.5321134852653157,0.08573760907182085,Standing
5.416586683172502,3.6914914975122475,Running
2.9748104121876384,0.773425817713937,Walking
3.1814199717558624,0.6338064930680842,Walking
8.932865646199204,5.700244024973911,Falling
2.858204638288979,1.6837568579110074,Walking
7.3979105087712504,5.336797938856677,Struggling
6.23096906380175,4.259606303982277,Running
8.510321211182255,5.493215670295536,Falling
10.583668965326405,6.497724066341192,Falling
0.9865152487929797,0.48461985548550973,Standing
1.5150687262681495,0.8379991965687923,Walking
11.403270071344584,4.807606685890503,Falling
1.6604674913232844,1.286767084355382,Walking
9.911893084543031,3.4481556086722094,Struggling
6.30399367122264,5.252186839256595,Running
2.481497558517569,1.5843441449326634,Walking
2.936914541673107,1.3025550980673657,Walking
5.119916374641137,4.808478799575811,Running
5.294716945616974,3.7763093158492502,Running
2.972494367396976,1.294760034771675,Walking
2.721240084883265,0.9329458298603837,Walking
7.530519781796735,6.728057369027736,Struggling
7.662947162757929,3.2072941472897076,Struggling
5.817071888876399,4.145809353814459,Running
7.959840929559781,3.467061534924169,Running
4.351472444970627,2.9164743203260612,Running
3.020455719779373,1.3934581109117663,Walking
0.3488682665429953,0.7436233153982608,Standing
11.860107642666051,4.935040282199407,Falling
0.9383404568210378,0.14498645293252813,Standing
0.9264494235897112,0.5772772406010217,Standing
11.367315107033088,4.989203318192013,Falling
3.001003849530627,1.6993056963792734,Walking
0.16426579793099294,0.6516597761851057,Standing
0.6337585637201772,0.7262929043700128,Standing
3.2544010816262166,1.088667661133953,Walking
0.6241015441818376,0.43182484953170647,Standing
1.9644253902936346,1.8493618599118526,Walking
6.174211444455954,5.2194163328936405,Running
0.5428493106134089,0.3452225145091541,Standing
0.6277080530714179,0.2679244917256689,Standing
11.176100757081183,6.6702546457497975,Falling
10.965843644556182,6.50602797240086,Falling
5.758374398663756,4.246888271182193,Struggling
8.892859695253755,3.5725119421938785,Struggling
10.279558739485266,7.168605400092417,Falling
0.7546352918601166,0.08233282459531602,Standing
5.553158684776037,6.385809166938072,Struggling
9.589149162241469,7.290533780228438,Falling
7.431787409978039,4.6358207083419725,Struggling
8.600182682730372,5.564590531541189,Struggling
0.5655083473229738,0.5729432597863617,Standing
0.34569599350391944,0.14527817344114055,Standing
5.370097028714174,3.182052949089961,Running
7.789133358447261,2.9600542093482405,Running
5.6955809707153096,3.403178412063546,Struggling
1.536220367641681,1.8081858634162273,Walking
8.408850656900798,7.715626827912613,Falling
9.612496905886479,5.828954537253594,Struggling
7.0849866740789516,3.623306109161266,Running
2.348261342604772,1.6046663534370842,Walking
3.3511370258135527,1.1762590571061982,Walking
9.924205994811672,6.355592345783736,Struggling
2.164292825309878,0.9671663960684618,Walking
0.5912754357449292,0.3192021630961042,Standing
2.9884993036865777,0.8083697125634562,Walking
1.5092640460092057,1.0002487575367163,Walking
10.149582411751691,7.7194946574446615,Falling
5.862800489275253,3.9425109342672204,Running
0.45221794088980716,0.17968385835198558,Standing
11.650997851516514,5.368792549650031,Falling
2.4967355454789595,1.1283881742568218,Walking
2.2247877982332662,1.3708825254170651,Walking
4.052377826353334,4.490612116050132,Running
3.42214063493891,0.7229940916296694,Walking
10.140278875734634,5.145620049965997,Falling
2.119873852537222,1.0959771731863968,Walking
0.20990559309558576,0.7184434315525711,Standing
8.124879935255262,4.510903789760677,Struggling
0.06570863942835237,0.6204220933560085,Standing
6.097561077310321,3.8222882408146845,Running
5.988047795284996,4.7960688431987215,Running
8.727712521981084,7.5162496735473106,Falling
0.37330931627975295,0.21659573851484304,Standing
5.634936684392386,2.5761590669810346,Running
11.359155437826281,7.534478160040332,Falling
2.6034451905186797,0.8808328460649564,Walking
0.5055078791060338,0.4760391837603365,Standing
3.099832170746379,0.7678169930815004,Walking
2.6134431695667324,1.5812196444657598,Walking
0.24317219099945409,0.5778135454845273,Standing
0.9626493185548747,0.7555277804618188,Standing
7.03196154136761,4.2959602444271985,Struggling
4.052007694042944,2.7565255925634045,Running
5.132661019369099,3.7257417403591893,Struggling
10.571702254457012,6.9638114729847835,Falling
3.134887123476882,1.012726027546814,Walking
7.300429325690639,3.5891776365852714,Running
11.322618026260999,5.708172507084464,Falling
2.3722530582706334,0.9416986393128766,Walking
11.89818906079548,7.229155711758108,Falling
3.2369359517958256,1.2311467973742705,Walking
2.469556734300692,1.2686864838228824,Walking
2.583268429321734,1.450217329739221,Walking
1.7787121481456483,1.7523953551989486,Walking
8.529104844501322,7.65200305432735,Falling
5.089229306077476,2.5551720296424003,Running
6.118646714620324,4.9451632852073715,Running
2.048110441374412,1.3312670037736902,Walking
2.494929787959781,1.5803038724484437,Walking
5.054979143292402,3.547542520275229,Struggling
2.0329967867417644,1.5982768676885937,Walking
6.402067441734614,4.495110023638766,Running
7.657647783699839,3.7563115746762192,Running
11.083645508257082,5.977126208427405,Falling
4.665133475024318,4.714100849279111,Running
0.09033696057760787,0.6167887404283828,Standing
6.946478070209883,4.1547749470827995,Struggling
10.876183620736981,5.539926004681113,Falling
0.9493067970577657,0.3173194984416434,Standing
7.418774709662063,4.07964488956878,Struggling
8.648055511566339,7.445353811085152,Falling
2.492732494402473,1.3952642733753338,Walking
6.493330203619963,3.9227119261011087,Running
1.6502755634716175,1.5922831343054051,Walking
2.909851099377906,1.397429087402232,Walking
1.9928040664782136,1.7286534765112995,Walking
5.011696953128891,6.870797552828346,Struggling
4.4123749840549795,3.4437896704282327,Running
0.9173135754622428,0.10945490473516913,Standing
6.762240929782562,4.063902002240708,Running
10.167603789513432,7.555310425567429,Falling
8.795179227694248,5.896413317092554,Struggling
3.3067276252720497,1.4699973786757452,Walking
0.987668007996647,0.7552474717492906,Standing
6.353055027879725,5.498060498697504,Running
6.271780922210517,5.246464892764125,Running
8.655118357291407,3.7703961111425217,Struggling
5.6870506389220505,4.886025513877293,Running
11.378197594140282,5.616851656351395,Falling
6.578186602503289,4.450502051329685,Running
0.560677194003514,0.38484950707526916,Standing
0.6962887758781398,0.2718999710144529,Standing
10.289711037733863,7.313919427903142,Falling
11.162892659355855,5.615633760262245,Falling
6.080672439514927,3.780451169964593,Running
8.931837899014536,4.585402735447883,Falling
7.961365253367108,2.5007125707276536,Running
7.6446856701360595,6.756270794051584,Struggling
0.07002970574747103,0.00758834690279846,Standing
8.835941444655635,4.607723654436969,Struggling
7.398906634282524,5.323028828909311,Struggling
11.93633387679718,7.188956948525814,Falling
2.172740927656844,1.2837787874517845,Walking
1.9775542915366047,0.665711169697092,Walking
5.18523248182396,3.20082325314973,Running
2.0545312913935474,1.8655086530863014,Walking
1.7189351973582303,1.0874452108105341,Walking
8.873015551460256,7.824864143825788,Falling
6.2949132580090685,5.354216915892982,Struggling
0.9037239671752705,0.7913479278506872,Standing
8.259945637931576,5.905530827489207,Falling
8.248233244961842,5.430947179515437,Struggling
5.60169381017498,3.187781428591252,Struggling
1.9409724181403507,0.7796573932163817,Walking
0.8262056957939659,0.6406157497039001,Standing
2.536520733352784,1.3959111086455116,Walking
1.8477904984389746,1.094363028353988,Walking
5.964745363474506,5.489007327420173,Running
0.8158331249906178,0.17955245746932855,Standing
7.684872114467067,5.371759739366812,Struggling
5.457434186988774,6.5098434505215215,Struggling
0.27295937485631494,0.38134146266429475,Standing
0.9556514982297534,0.6897020938123606,Standing
2.158102730739742,1.8973842324784849,Walking
0.08698675991141014,0.326762570456559,Standing
0.7234201136885849,0.39670058806301667,Standing
6.1009160097490565,5.733035054638384,Struggling
9.957376675725241,3.24606810495694,Struggling
7.40293288663324,5.36963113863807,Struggling
6.285275767678296,4.486336030319694,Running
0.8644928803073485,0.5871279351629614,Standing
0.8681608040515469,0.19622842580426766,Standing
0.8672942009598024,0.5666903813720279,Standing
0.2386900313010175,0.7440722804077909,Standing
10.474445512860736,7.134508238451744,Falling
9.404353795994641,6.487374110980928,Struggling
0.8790714802281316,0.004116136603771814,Standing
0.22862516152492351,0.7269610474154944,Standing
7.271868096476249,4.996402533873226,Running
6.293441653489539,3.7725314583491723,Struggling
8.08463459187871,6.924744712109694,Struggling
1.7316877135605153,1.0650430429801983,Walking
8.899226975755719,3.4279225553078336,Struggling
5.72896313557005,5.020364508223656,Running
10.530487572535792,7.762098369285061,Falling
8.944034909353721,3.695013901230267,Struggling
8.271348236420687,5.553372484313857,Falling
3.041968585064271,1.562858006903944,Walking
1.6158409211175966,0.612041626636781,Walking
7.486147224609505,5.420466907532191,Running
7.229791535051607,5.590294573607631,Struggling
11.03305278371609,4.586054207605805,Falling
0.821512947407441,0.2974668233909797,Standing
0.2525087496883822,0.0008235838765067172,Standing
5.094506665126664,5.491373500473133,Running
1.704387239387438,1.781314661692349,Walking
8.468411128907443,3.8830784511550416,Struggling
7.091291120067218,3.1901610490943018,Running
0.2732595269982093,0.7606908498003283,Standing
8.125209254990065,7.0594452344078995,Falling
8.192629738320427,4.590377591851177,Struggling
2.3845975247618205,0.9679279857426957,Walking
7.576396814716538,3.1898638176732588,Running
6.001795717743564,6.472491253962124,Struggling
10.25100114537353,6.150363610358794,Falling
0.9681934279147217,0.1484204125624969,Standing
1.6823289808123834,0.7304870572416691,Walking
0.8447832281168877,0.6088191927543991,Standing
0.7967978278640275,0.23533437867478232,Standing
11.870045054455112,5.14910606136829,Falling
1.5024636703328518,1.3974908976836404,Walking
8.990159822413501,6.454444354041193,Falling
1.8216509381563801,1.477279200203397,Walking
6.344967022175489,6.190236402548752,Struggling
0.9843514074029039,0.11966451413405262,Standing
5.362234438972794,4.569974225626739,Struggling
0.6949818861265425,0.6880979177513638,Standing
1.5792376506967143,1.2207604208867435,Walking
1.984090031725055,1.9799938899007197,Walking
10.809859882176415,6.458770392204199,Falling
5.305845232975967,4.053134930154134,Running
3.2650669716392002,0.6237628016606319,Walking
5.3928924857751035,4.587693104806384,Struggling
7.909865545259143,3.1025772695868827,Running
7.2023467964363315,3.1004507327344304,Running
8.4182713613376,6.727505873402729,Falling
0.8962213026850383,0.4758213099015489,Standing
1.6039425673029448,1.3119445029516057,Walking
7.740807261197839,5.342051387893116,Running
11.206912332279167,5.688075673899821,Falling
0.4843984475740406,0.5286560946394006,Standing
10.38990345052772,7.243413936966016,Falling
0.040754106092472764,0.1311995847915978,Standing
0.7248265598740583,0.474622918648143,Standing
8.638178720452753,7.551242483072706,Falling
5.316069751258649,3.9105477780899953,Running
5.9105895784434965,6.1587940285699165,Struggling
0.16167254414680265,0.01668891143323048,Standing
0.22845474133129873,0.7970671328453935,Standing
2.486553693567599,0.62228973432864,Walking
0.6802282424312913,0.05775872718334068,Standing
3.180904812553867,0.7612900048673805,Walking
8.635845348831541,5.970826084799924,Struggling
10.51505927282378,7.073726045330134,Falling
10.01937952757207,6.40155183177151,Falling
0.5786754085723934,0.3508923353516724,Standing
6.977575849245076,5.424754854244686,Struggling
7.171824378422526,4.465028016496325,Running
0.5923503285933622,0.7298906764933528,Standing
9.535388607471186,6.130344824570869,Falling
8.665565112076404,3.526270740509039,Struggling
11.636130082662564,5.128890881045847,Falling
9.491394548755737,6.294153218220318,Falling
9.271925466847897,4.969111425792139,Struggling
9.620083196321286,6.575214399411236,Falling
2.8252425580166407,0.6428922619319395,Walking
2.282163073303521,1.9541184835029313,Walking
7.4319450156908236,2.5270912123886506,Running
3.0469462513732015,0.6963104910775247,Walking
6.1851392855416805,3.9386961530462044,Struggling
4.29398698932005,3.0092737152626223,Running
5.795110295325612,4.508171204378084,Running
2.361775047323612,0.8730714088814449,Walking
0.9485833548514337,0.20202222566033542,Standing
9.517434359689695,6.61938355175709,Falling
7.667559626498478,6.127161319380118,Struggling
9.785474586050341,7.524756621859591,Falling
10.15962335800885,4.619657180787054,Falling
4.491883234118507,3.19339273728294,Running
4.157374162674039,2.8663297420300804,Running
9.669375087639525,4.264624419907002,Struggling
2.6693414008851777,1.532311798799893,Walking
11.946520491835388,7.877915437526159,Falling
0.017379790185479638,0.25850452565622284,Standing
9.33959147260011,4.818959422535436,Struggling
0.4888465802569202,0.5334914060368835,Standing
8.502966047226595,4.964501288367471,Falling
10.818723050946588,5.2064870824303195,Falling
4.753396335062406,4.692488424612629,Running
7.218751096522856,6.472569017510022,Struggling
6.646529401484587,5.435893862201591,Running
0.6832480282896458,0.39773981120674184,Standing
3.161754382683411,1.796913253932555,Walking
1.5607741193936737,1.8964230432604667,Walking
10.706053543108986,5.25486303339201,Falling
8.334857584954536,5.308740946846992,Struggling
8.637149780971221,6.617338729416893,Falling
3.232877335055291,1.9900054060379428,Walking
8.911927420291367,5.268065043946671,Struggling
1.7182192635314995,1.4757674716875737,Walking
10.670373542254339,7.327460796794405,Falling
7.511564636165311,3.451587150296196,Running
9.089171080875108,3.4808362214824338,Struggling
2.156762455770162,1.4453131224937164,Walking
5.584690766437022,4.586401620069586,Running
10.193998886605907,6.587699162448976,Falling
2.388838905502403,0.5220005855693957,Walking
0.6034485933813779,0.534570238844013,Standing
7.037377311691464,4.001335927392224,Running
9.316668247859127,5.076327140544873,Struggling
8.102568263225743,5.694367396691547,Falling
8.59596742388078,6.343183290441359,Falling
9.906781900164637,5.880278633364226,Falling
6.861963628397097,4.063702397456003,Running
5.978889928417731,3.0302514999125685,Struggling
9.490152744749935,3.973929186305197,Struggling
0.3800745089372053,0.1577233012583019,Standing
6.7581134361981725,3.405683313796866,Struggling
8.086758787064872,5.092338898327139,Struggling
0.9296058774219892,0.42580817067123217,Standing
6.4413351332436735,4.648452022669581,Running
3.4534504773251578,1.7347610233934905,Walking
0.12322265417216605,0.6875326346244713,Standing
5.922925647685165,4.18111315688124,Struggling
2.634624439257807,0.8848441755520456,Walking
9.698109700785448,4.804636369056805,Falling
2.247019366076775,1.2897487912306715,Walking
0.002584014844982385,0.5103881646346381,Standing
9.42103231674204,3.91231908779573,Struggling
2.7932118268457202,0.7621601642410658,Walking
3.1797226057334407,1.8500346850970169,Walking
1.9737411179489641,1.6707882728657928,Walking
6.927832270342538,5.053522782558312,Running
7.238119903073767,4.799968405601218,Running
5.8070707149489165,4.259825389526423,Running
2.973747489888364,1.794195616314843,Walking
5.478572777600808,3.0945543441853456,Struggling
0.6070940360887808,0.437357930171256,Standing
5.027535390582859,4.396046458061255,Running
2.4935337177183388,1.981678280322331,Walking
0.5970469168956917,0.5406729960699008,Standing
5.712798459702459,4.6527932969745285,Running
1.5316421835311649,1.011635036711331,Walking
0.6032194102133722,0.26978170620433634,Standing
5.397096844944933,3.342632998385722,Struggling
2.6915014563779134,1.1017818710584741,Walking
1.953312804453976,1.032494458747906,Walking
9.769639745922678,7.411520896379978,Falling
11.201426031289447,5.317992286686516,Falling
6.355737182500924,5.371247966613691,Struggling
0.5329577865513353,0.2594670024923005,Standing
0.1903248628190678,0.04187110062920665,Standing
10.647356759397514,6.452241960795087,Falling
5.785409404790569,3.5007086484166012,Running
8.355069576431074,7.865830075841846,Falling
8.450024454103328,3.803734754636226,Struggling
4.3867057985868785,3.8511128087745554,Running
9.39028609695593,6.827191035705264,Falling
9.899546174024874,5.838841980854029,Falling
11.896658514512062,4.570092245740385,Falling
11.708003871697182,6.389849955981958,Falling
2.8431168872260746,0.6393937165690848,Walking
7.15160795316906,5.094058576100621,Running
9.130338151262642,6.128112350681544,Struggling
4.252436132316601,2.8529470854206758,Running
5.366698007587683,3.642728576532962,Running
7.747831292124252,4.161406722137128,Running
0.8252861082328968,0.2237628307771834,Standing
6.40237733344247,4.047038283089494,Running
0.7862759567570945,0.4596699058542133,Standing
11.405699830980383,5.229786800250675,Falling
1.7327327957709522,1.7261745627367873,Walking
0.6743038064090484,0.42598495404754094,Standing
0.7900304363070614,0.24374331127843263,Standing
2.1450559556928304,0.5343407374641804,Walking
0.6949510889024617,0.27687978123022844,Standing
10.292165715723398,7.764557591666891,Falling
4.530098690967394,5.086043446817868,Running
10.425483777733502,4.987193086161354,Falling
6.587657239383685,6.811190110405177,Struggling
2.832613771670079,0.6826428666879122,Walking
5.129059534747435,3.540665156619291,Struggling
8.319861577437209,7.218532706650924,Falling
9.247264532341038,6.271496519940854,Falling
5.1110104949970445,5.054345912653796,Running
5.088439048066286,5.41021265537146,Struggling
0.38646084115914714,0.451552872543106,Standing
5.83920169507728,2.6744913865164275,Running
0.754253544343863,0.49559820112607017,Standing
2.360674355017842,0.7559971378249977,Walking
5.606924697112144,4.213100590270383,Struggling
0.1777663878512482,0.5532944444554555,Standing
2.5188442562995794,1.9950452807794652,Walking
1.965291077125362,0.8312039446784587,Walking
8.119479181458193,5.1081658556466065,Struggling
4.522841506960798,5.1598126457214,Running
6.771181202223873,5.10201848787456,Struggling
6.9353938016781544,6.855289101929404,Struggling
4.535214945117955,3.7557418648718057,Running
8.801449115610675,3.548438822915996,Struggling
6.0760093600861875,3.048483098575573,Struggling
6.517195224042945,3.096568833325888,Running
9.797883221605167,4.95141617570545,Struggling
0.2658511366543135,0.5168720987700065,Standing
9.221785413698079,3.3923303231369784,Struggling
4.508799050749799,5.093981176421253,Running
10.606842591643874,7.337400747951932,Falling
6.972381392850177,4.8377870736239466,Struggling
9.781110953244742,3.5325800167123877,Struggling
2.817384292414887,1.9142467121198927,Walking
5.750412496221568,3.2640118661381536,Running
7.721275539351295,3.2591752984023534,Running
9.12566097964352,4.981808413843927,Struggling
0.45012443241975963,0.18157175549229132,Standing
1.63330408112138,1.2776120329178062,Walking
0.10569347990627409,0.7906202168001051,Standing
5.239154101970527,3.1520873929498197,Struggling
0.6590355342036808,0.64170444650207,Standing
0.01210847523488745,0.7652011186395842,Standing
6.937976157413848,4.847787746683823,Struggling
9.398812918983399,7.211287359134136,Falling
0.18519556786746794,0.13928746826726748,Standing
7.748080218594622,6.322137825619359,Struggling
4.083779844123651,2.746515002429282,Running
11.595603296024942,7.238697235973783,Falling
3.451981699197585,1.5010255970696424,Walking
0.12138641815940643,0.4920103744310933,Standing
2.7878085070822616,1.2954531998737375,Walking
5.288862013778513,2.8757007112984816,Running
0.9799703293588506,0.4815052717090577,Standing
9.60148590609704,5.083072567336851,Struggling
8.626553747895233,4.653074690579893,Falling
3.3561672806520995,0.8369234177657778,Walking
2.251985779882623,1.325137910687234,Walking
6.451758329978102,5.329227513234123,Running
8.486005505203671,5.191146714509781,Falling
2.791621625310412,0.9288601838587403,Walking
2.0168632405836364,1.3160248687741274,Walking
8.775209643731392,4.84215798909656,Struggling
8.215432827992105,5.620209413823442,Falling
0.26933129830202507,0.4316449763964041,Standing
5.824074078647186,3.5269150938182476,Struggling
11.27114131942778,5.247289782087352,Falling
0.15067610770987738,0.2739069088268372,Standing
0.7581850110765374,0.5947390288612875,Standing
0.2975484513188206,0.4520175942872129,Standing
5.468784603227784,5.3086911331502,Struggling
3.022243074086316,0.7401074524318595,Walking
6.232169300595868,4.93525665059713,Running
10.90584686045202,7.971334829722772,Falling
0.40149431586128825,0.6400567749593277,Standing
0.31092893000755417,0.5938784404580074,Standing
0.18802473461541613,0.28430765494859156,Standing
7.693478336715195,5.0966366829046486,Struggling
7.043963040112375,2.605934064820717,Running
1.5220632285249316,1.6243182267033323,Walking
6.839703756510422,4.307726465352316,Struggling
0.8419703714967087,0.37625524328142856,Standing
0.9963343376272473,0.2946476244054787,Standing
8.216825899558922,6.121599104589098,Struggling
0.1378228991592354,0.5304336036003938,Standing
5.145356901719769,3.6675404714194837,Struggling
11.176789325108338,4.825467239380963,Falling
10.0404388499953,7.031916679643002,Falling
7.899918937140656,5.245938351838095,Struggling
8.211215841874113,6.203091817853136,Falling
6.408582576209924,2.568798433804126,Running
0.4982556822634536,0.06164662330746493,Standing
8.729626044068372,6.927876761784582,Struggling
8.943074823362032,5.0690762257664375,Struggling
5.73726263353142,4.312771014437246,Struggling
1.6772008593592345,0.8309179290668169,Walking
0.801366915819519,0.6132708191773147,Standing
3.366226662687115,1.4638477993027874,Walking
2.7751065289404595,1.2442495761698291,Walking
0.6859112710498637,0.7929011454570429,Standing
9.535331807732176,6.501552949295153,Falling
5.9223812656681964,4.4489417666091535,Struggling
4.661176443880699,4.600755878333564,Running
8.488353137600376,6.718467691502736,Struggling
0.9406792451153405,0.20743740709261901,Standing
7.490921001938407,5.0258007003754255,Running
7.404530003765348,4.740721597021427,Struggling
8.530095038320123,5.524682583826825,Struggling
7.637560768033585,4.840639190290307,Running
11.062051595964439,5.056178586842737,Falling
8.525397632579626,5.895926103963053,Falling
10.627820625068559,7.848151173792103,Falling
8.178379633491847,4.627006679147257,Falling
0.2756123386789454,0.6297012820812833,Standing
5.087798904514524,4.7781947872538915,Running
7.379157745144086,3.30441706028654,Running
2.475142387346769,0.550420400274924,Walking
10.478797760797663,6.466974966133824,Falling
7.662103411376085,4.644382410402827,Struggling
6.92979492735236,4.144961751179273,Running
5.261289396430119,4.675173276296645,Struggling
2.488962262590186,1.9693262605726354,Walking
8.270873007370373,3.7923905310389605,Struggling
2.427864973376672,1.9580079944473057,Walking
9.398025488347276,4.899335247107767,Falling
6.880032158652453,3.753969801611453,Running
3.2012321156822754,1.3418341824237874,Walking
3.461033644002212,0.8411142437920685,Walking
10.891257212833935,4.736839266650006,Falling
2.587076434685292,0.6225880186201673,Walking
5.9387851485201875,2.9973236204898273,Running
6.656751658021669,3.1482713595559226,Running
5.849182244002429,3.7352966247535253,Running
8.746418563478882,4.16235023922542,Struggling
9.42389349517941,7.92321636290735,Falling
0.7862781993840331,0.16109102570877953,Standing
5.823531767161479,4.32086025948599,Struggling
10.077543438015748,5.217084459527494,Falling
8.29814683197371,3.6464792451434858,Struggling
0.9466379541996072,0.44814580669992954,Standing
11.088049905239961,4.595085974289459,Falling
1.6883038202513958,1.0154947889136545,Walking
10.154807191810857,6.2423437781200155,Falling
9.80678727692673,5.890834866698608,Falling
0.7756118509253275,0.7715813231206493,Standing
10.093318524778965,5.504982853296014,Falling
11.029927539157669,5.467545917041886,Falling
2.2919409453249098,1.8726351026105648,Walking
4.631819291341392,4.587697354506407,Running
8.664137253664782,6.6471559852371165,Falling
9.530716273828832,4.107617949511235,Struggling
2.696225258738036,0.5500754026795718,Walking
8.663176173504164,6.281510029795893,Struggling
7.2016170918417455,5.461192100279208,Struggling
0.8824163684073387,0.6428828283532282,Standing
2.335521958550199,1.9761654785547467,Walking
8.625927740136953,4.292044793544855,Struggling
11.527711033218576,5.996213907722153,Falling
0.6868609976750291,0.07442438916802177,Standing
10.877414489476635,7.615903185562308,Falling
9.867286949880866,4.3473620074444135,Struggling
3.1381270277233124,1.3111906324783167,Walking
0.7595824101146318,0.7904524533222193,Standing
7.286547590841886,3.8777955915196416,Running
6.271609905891584,6.2770204194858445,Struggling
9.340832189483491,5.108165575975104,Falling
5.564716042055868,3.3487178713273247,Struggling
1.9797482255118894,0.7129579846414908,Walking
2.9793426014535274,0.78689062687188,Walking
0.6511475848816741,0.496742853982745,Standing
3.1828951061695197,1.206930751097247,Walking
0.6341421382957368,0.1010117932516022,Standing
5.300416061726796,4.558981590058292,Running
10.726677929606481,5.084962040149274,Falling
8.90871822809406,7.42964393835029,Falling
0.694150573509831,0.41012380251604236,Standing
5.165946772812131,4.215785604962895,Struggling
11.753219273793931,7.549215687920682,Falling
3.0768946865065976,1.4974773552139928,Walking
6.60307419023499,5.122680172415055,Running
0.56044063098044,0.08879157537078486,Standing
9.5264477594688,4.9509704920008915,Falling
0.9768003285106593,0.08857647466105255,Standing
8.07200035578086,5.975054145527366,Falling
7.864973642827193,2.8823618782686067,Running
2.0844364609237953,1.8661552424658727,Walking
6.797261500504815,5.018382728502301,Running
9.814051785370129,5.906683968281293,Struggling
0.6282381104632814,0.426140709409244,Standing
0.872753839566128,0.09006431232954962,Standing
7.703492383224551,3.3861378807817633,Struggling
1.5248080725546296,1.2031519481967587,Walking
3.1490696161740646,0.6113613094825796,Walking
2.099838223013969,1.614789798097405,Walking
8.25796508499667,7.570338100067701,Falling
6.671218732905626,4.2796647103221535,Running
3.4780567167003476,1.4392642573897074,Walking
9.190760917759622,4.141161353429266,Struggling
10.331227340333959,7.984031306669585,Falling
6.293397382540872,4.476475210420212,Running
8.88090120550926,6.209311201440285,Falling
5.469286424116781,6.63850727774637,Struggling
11.474206025281156,4.726404127302961,Falling
1.5502839165545454,1.541675684196063,Walking
11.642706317740558,6.1255163267894,Falling
2.181631399579693,0.7472370130201431,Walking
8.156537765459944,5.3667886492253025,Struggling
8.198027805888408,5.7057054493535695,Struggling
8.41689921123339,5.8457896467568435,Falling
9.853831032373915,4.050702570394607,Struggling
5.891588531243619,5.451520938566313,Running
1.505842065242724,0.5596489474828543,Walking
7.629520658851388,3.216569981205783,Running
7.886130763604203,3.4940410213091524,Running
2.7450393914594904,1.2046156444860256,Walking
7.371442102156303,5.363469765084166,Struggling
5.027528995802104,3.0306561305969013,Struggling
0.843924612611724,0.2279264172247687,Standing
7.192692442687178,3.874039337416521,Struggling
5.173955292832487,5.295261158298449,Running
3.133364350901436,0.9268434526443463,Walking
1.7276767869532028,1.0178347142025381,Walking
1.5593364461294796,1.5131303113206338,Walking
0.450597018983134,0.7435413555784912,Standing
6.972880377988232,4.6873127141553255,Struggling
11.52903422437939,6.848300516598778,Falling
8.039526070453519,4.237490871451128,Struggling
8.592146149093676,6.816132510340163,Struggling
5.007825525957364,5.545605480733628,Struggling
9.147937784326253,3.1622349501787257,Struggling
10.746359653970426,4.900706733230668,Falling
2.412473017911084,1.0535795326413748,Walking
0.5963215188603683,0.4396669253777149,Standing
1.642015329066511,0.6202700211228551,Walking
3.38345142323785,1.502858970084371,Walking
2.792900180249214,1.8320585965401768,Walking
5.050655920138717,5.544384185638169,Struggling
2.7251469366896384,1.8105478901995176,Walking
10.551508370654535,7.093434375961024,Falling
5.332219221778875,5.135869890191055,Struggling
4.046826442923616,3.766102780382917,Running
0.4488530716747082,0.06751390443563388,Standing
7.640538547128537,4.924067889719659,Running
2.958346975098896,1.4784374728879095,Walking
9.549570342674638,7.481444329058817,Falling
10.69186648957773,5.4638341098939645,Falling
9.308712474591477,5.361142171812639,Struggling
11.19352136207341,7.378478307838975,Falling
10.317065415282107,7.157728590134146,Falling
0.5821987465941139,0.29693793875010205,Standing
1.5548406199453153,1.0894613380179368,Walking
4.667440806795011,3.7915880153866226,Running
8.179113802018673,7.166673870463454,Falling
9.35907530860447,6.310337836000162,Falling
6.547609269818973,3.521812499743875,Running
0.409628894895232,0.24897399605071488,Standing
7.655426724426214,6.366893446978704,Struggling
10.23875377935176,4.868407148189544,Falling
1.7811059351567216,1.2283845494890966,Walking
0.5319127065242634,0.10863123765114971,Standing
4.155984050299646,2.5928673727580307,Running
0.16002493646319405,0.01868167706254873,Standing
0.14706185056658838,0.3902809577539252,Standing
7.600332732065922,2.848416880601577,Running
5.499214271127185,3.9220192854494678,Running
11.979431892237287,6.408833924264059,Falling
6.442027189093729,6.844541941630371,Struggling
8.123750578925367,7.897597537870368,Falling
11.920435969655067,6.172574568077849,Falling
7.70852406205002,6.04760725041948,Struggling
0.8385492149028282,0.2849485176940753,Standing
5.037339589268377,3.0838715101146157,Running
2.5148927322394843,1.5160809822780752,Walking
9.832086929332036,5.230835305000175,Struggling
0.1652420504426032,0.466387540931682,Standing
7.220218746011015,5.504937285684255,Struggling
0.20730900318755796,0.6259106635680699,Standing
0.880314762148927,0.4987247665275521,Standing
3.0850427839258385,1.192168267830969,Walking
5.739920736829173,6.410231127606214,Struggling
7.715122919788316,3.9109989444128384,Struggling
0.909454610937242,0.5777145883647247,Standing
7.292332122846289,3.151926253159414,Struggling
0.549322479403174,0.046192841495339025,Standing
9.867128308924752,4.6206144079875,Falling
3.398224286178881,1.2693536242207963,Walking
9.933629743892586,7.522416328800908,Falling
5.965672710114227,4.067332436216393,Running
0.5112754622007512,0.3938603840009456,Standing
6.902865852879796,5.183357670472697,Running
0.40758420857381694,0.6620151376850425,Standing
11.226357369305108,6.167691843224024,Falling
1.6189431377345616,0.5047517728710527,Walking
3.193937708414121,1.8396353077931225,Walking
0.31189908000428046,0.20483805208396344,Standing
7.552162445021161,5.506370044372841,Struggling
5.907373873271268,4.563166127291682,Running
0.8720483384470077,0.4217809446718402,Standing
6.793577627085067,6.21774883071802,Struggling
0.21070496386720317,0.765958415230477,Standing
0.9978208556819782,0.5414570390859165,Standing
1.679624308565548,0.5034763218572208,Walking
0.73786951856153,0.6673156776005407,Standing
1.6380590817756993,0.5084987217943508,Walking
9.10963317969965,6.236732684556124,Struggling
3.1918428793554643,1.4204061713561877,Walking
2.946298972929259,0.9205016911872814,Walking
9.628425956502511,4.731034454490845,Falling
0.5491303362771727,0.5056718636049938,Standing
9.738440129822354,3.2892659010317544,Struggling
5.504705999887608,6.47577700911658,Struggling
4.307448301104654,4.001872804211254,Running
4.968924871298268,3.9347796525856706,Running
4.2916073414716145,3.7086198478979115,Running
11.453603067428007,5.9045710847689925,Falling
0.022026921223816998,0.4666059939648925,Standing
2.597960898883284,0.8289109428858136,Walking
8.017465480216893,4.4312563364541955,Struggling
3.019222857399593,0.7817642788066612,Walking
6.343459153814077,4.374351588368207,Running
10.548363348323619,6.341974611183709,Falling
6.855810530026359,4.96760438315259,Running
8.571503845357647,7.213711526410974,Falling
5.605782523652774,2.975872433579134,Running
4.535313451998773,4.38867309067521,Running
0.27154704741124236,0.32195730994693517,Standing
1.5002693860089706,1.2666937088558448,Walking
6.860154875402735,4.2804572889278045,Running
1.6253792432437317,1.7590077385340035,Walking
2.180741492611525,1.910672758604259,Walking
9.654436860304042,6.306858639724073,Struggling
0.27039328638452553,0.674169521728444,Standing
10.287236654428614,7.675199375462178,Falling
0.43381741957652953,0.7279545150835136,Standing
10.700560244598673,4.906079384718592,Falling
6.2585162039890525,5.290512896315274,Running
2.9077141832686624,0.5065449044754636,Walking
8.565230253171594,5.665541654312825,Struggling
2.056878816500869,0.6944009767931629,Walking
10.810162006139228,5.543182730238051,Falling
7.377033039250369,5.537358958844817,Struggling
5.240930061966481,4.440201863603914,Struggling
11.46328066088942,6.165887058540796,Falling
6.537696581146335,4.812341854791639,Running
1.6047100403749448,1.6513514427768774,Walking
6.208277458613511,3.7473925020623504,Running
4.847976218794632,4.472060446510386,Running
0.7304963609587902,0.5181705368503372,Standing
10.711252801240176,6.627132427884529,Falling
5.578937415379313,5.29242189194947,Running
10.954389832529323,5.604695703171725,Falling
8.208794516179886,6.887678582193137,Falling
3.2804300052723487,0.9311143946983695,Walking
0.6668666605509217,0.6586475438565743,Standing
6.1752229114649495,2.7996004634085345,Running
4.058773554619815,3.6372821460158087,Running
4.077310523670404,2.8731051970015304,Running
4.125687286045092,4.708601275182286,Running
3.3121317713727305,0.9000127949929664,Walking
7.32047579726752,6.853996963550353,Struggling
9.590590318368145,7.168081612076785,Falling
9.06901051917438,5.269318720881165,Falling
11.904055293116855,4.939425751669287,Falling
5.38192472495728,4.530321294282542,Struggling
1.7404144582411525,0.8983742494379091,Walking
6.709018527460913,5.956106231151835,Struggling
10.567439835421421,6.497273683583272,Falling
0.6630073461417759,0.4387056289565232,Standing
11.388243307935598,4.582582376259352,Falling
0.8297631202876449,0.4849172519467838,Standing
6.990026464772514,4.21166291533277,Struggling
0.7101354317980658,0.7499027505314566,Standing
5.936308278840807,4.742333219790082,Running
8.231377797788642,7.852264303458714,Falling
1.978317555564486,1.2961060329302538,Walking
10.177929331201051,7.869689225886221,Falling
11.107712041308902,5.217434233343857,Falling
4.783332336537081,2.922408846678028,Running
7.388777756134327,3.44544111739766,Running
0.14696270958820967,0.6488990159467768,Standing
9.552662824507982,6.859456034376221,Falling
0.8098601873605862,0.7579161996691575,Standing
10.155252036158476,4.712201241232639,Falling
6.760386232951374,5.291820414539611,Running
10.523687160916653,6.066856988936464,Falling
3.415868242113541,1.2944895859184298,Walking
9.74535598157422,6.849240811951137,Struggling
6.187438563900505,3.040923806268334,Running
0.16574977982015593,0.3564333109935127,Standing
11.590698690711827,6.860221426582141,Falling
3.4623850583282314,1.6897143109951092,Walking
0.3918582964090789,0.5272910115756212,Standing
1.8938514089068568,1.9271447155427484,Walking
0.9811437317918219,0.45563182365368293,Standing
0.45896347937729864,0.7355099236581382,Standing
7.924711347049178,3.070322949351183,Running
0.7321226068429558,0.2840328451615666,Standing
3.4202712088108944,1.282189458082208,Walking
7.86821072570414,3.6783813274280304,Running
5.90760042587188,4.654993526116012,Running
2.4164693007856677,1.6720232609216095,Walking
10.260341249811026,7.2006941884251265,Falling
8.04841246710443,4.531634641777522,Falling
6.8849277096314,5.207961208482884,Struggling
0.04605673418995637,0.646463425884664,Standing
6.058734468485756,4.924826318667813,Running
6.229037196530765,4.611057593849008,Struggling
10.649736046804271,4.914759182593531,Falling
1.8076140492832156,1.9851295641012232,Walking
7.973020061691856,2.6347338969868477,Running
7.4077467013792715,5.541774582638091,Struggling
11.01705989338809,7.71449251250893,Falling
2.3887306984830285,0.913321908829225,Walking
3.0750981717175585,0.8765020748934504,Walking
10.295365016418053,5.954613635675674,Falling
1.9807978257870138,0.7873894186022387,Walking
9.871861193396288,3.110076740561661,Struggling
0.22085278296300892,0.03114397066053396,Standing
7.82528037355011,2.9445337846898365,Running
6.1244510840795625,4.725522595096299,Struggling
0.5633246420330467,0.3420014650624894,Standing
11.0351050150293,5.488736230904983,Falling
9.7204115061192,7.663151501212997,Falling
7.570232909945898,3.7583439818719406,Running
11.292643322835437,7.611105984012704,Falling
4.818720436229135,4.273390909775549,Running
2.0913893480832084,1.3907037212144233,Walking
10.544169875119874,5.775239834498812,Falling
7.763138082012432,4.020761313885504,Running
0.09505304553269278,0.6613974144209976,Standing
8.633746120840984,6.095624887082661,Struggling
7.2991514251111465,4.04697821756936,Running
2.5781891054720174,0.9237086395550056,Walking
5.187855451994537,3.5114672048896702,Struggling
1.5000232695107323,1.1248487427234384,Walking
8.61564136941277,3.8022410042919317,Struggling
6.519712561275137,3.9216666484693996,Struggling
0.05190094358730901,0.1528949675968021,Standing
8.89717393314018,6.820665171311978,Falling
3.1968507581810495,1.1339437955204137,Walking
7.584163198628876,4.954080247416079,Running
0.2714385776342002,0.10028518063390851,Standing
0.9995439187190943,0.32460093489204883,Standing
7.71235501731328,3.59840579810781,Struggling
0.4144697155393433,0.6030637604553749,Standing
0.2690196467983105,0.41407704105241766,Standing
3.4044435713951895,0.5636334473103375,Walking
2.223420509719161,1.9238129403057682,Walking
1.7598827445358824,1.3401375461650933,Walking
2.5277089284135354,1.2633358333865838,Walking
11.889679996160414,6.070847760113121,Falling
6.788837527638547,4.642979907204992,Running
0.8035181084349343,0.09762439545747892,Standing
6.915924246623266,5.085072711362036,Running
1.561715808616145,0.5778429492776163,Walking
2.1906839044897755,1.0034156814047641,Walking
8.629305120007313,4.9160603691197515,Falling
2.95411352323078,1.3431091916038567,Walking
2.123968040652837,1.223750630353041,Walking
11.144822609044231,7.07055376226457,Falling
4.064247459924024,4.846513789273739,Running
0.011417983454073632,0.5629598237032408,Standing
5.750645312592814,3.204920214987858,Running
0.5010878802621971,0.564954546370687,Standing
3.4340705505122924,0.5775030824869416,Walking
2.1176688480146817,1.2233965418782882,Walking
9.807566694915424,5.8576430545063936,Struggling
0.3965536819899632,0.10537202286327485,Standing
7.235159938254154,4.53145723737302,Running
9.160182127849748,7.54994911966799,Falling
0.5015154614797338,0.05671326071302829,Standing
0.8506802606048463,0.7855245584612314,Standing
0.012156771477386807,0.5392159352470342,Standing
8.747657762433846,4.56928480421539,Falling
6.533882997610706,4.411834013809426,Struggling
3.3699888636775306,1.145810314260785,Walking
9.618109542295478,4.739236201084855,Falling
0.3558547592592114,0.06713562865714354,Standing
2.8708877664438033,0.9986842357230681,Walking
4.821605633912117,3.6443231242399343,Running
2.783468794597116,1.5072187230008103,Walking
0.7852688115160151,0.48088215649946264,Standing
9.111411104358849,5.467116879630487,Falling
7.658924459826014,2.5344419792481334,Running
9.885521165257867,3.412485449632303,Struggling
4.453214018909857,3.710803007084774,Running
5.94907651486078,5.328732920370359,Struggling
2.1930483359054365,1.096418567829306,Walking
0.6054826692144046,0.4134319513025266,Standing
0.2685337560676073,0.2299693319178001,Standing
6.759115396992485,2.9318257407166923,Running
0.07558361385406698,0.7611385766764528,Standing
0.43037474969079326,0.5566379821243559,Standing
0.6236487782902661,0.5188038560949505,Standing
5.075553421072375,6.860061477817887,Struggling
0.6760262880525475,0.5653038959029677,Standing
2.5515124391182695,0.8742865502573729,Walking
7.4643825344467665,5.340201186770187,Running
5.796338980043787,4.336774452285534,Running
0.7365352283347926,0.7063950598638185,Standing
0.7723010151653429,0.5001638156243539,Standing
1.6009778888248158,1.441229857676419,Walking
7.914630284021316,4.012406156718435,Struggling
11.758606045174034,5.271692927156565,Falling
3.1796032133288534,0.7828109086238767,Walking
2.4960807861137377,1.6142374623594744,Walking
4.370501932205469,4.745153049028694,Running
2.3680419454175174,0.8880674632331614,Walking
7.5636319713088795,4.753539920123045,Struggling
0.5894539894846972,0.49063334790990326,Standing
2.841351050764651,1.551301453792148,Walking
5.456957431658882,3.7970813458672033,Struggling
8.054982216045381,5.369316911294301,Falling
1.5316263924659241,0.6157177528093728,Walking
4.250105182971383,3.876821549790461,Running
0.21534438138255263,0.47767661614937584,Standing
5.488801567300877,3.4991046154161953,Running
7.22036127398265,4.968951415125303,Running
0.28330476242493063,0.629415602685702,Standing
0.6167836078525412,0.5943051949343512,Standing
0.5214490241668801,0.05476697546686245,Standing
5.709982601427036,3.1186522152524194,Running
0.5383319432557134,0.2150828115057548,Standing
11.661028739671291,7.5093834238694654,Falling
7.149548107009331,3.8630362692029654,Running
9.368614600911126,5.551817050738955,Struggling
5.997727079467341,4.105076513796798,Running
0.9362806214689267,0.051205077286896744,Standing
6.00032047308633,4.855293142287123,Running
4.087653315100036,3.403138233502939,Running
7.347627710219314,3.113245097610671,Struggling
8.42157287243122,7.175542548264265,Falling
5.635109044916528,5.2720806112771985,Running
5.802313071356132,3.2819677825725786,Struggling
7.770125230080467,4.740329918601153,Running
0.8141256855911618,0.5481074478995873,Standing
0.8058445326178331,0.006371523796360901,Standing
8.999827785590485,6.302519808984031,Falling
2.2137719503422204,1.030683738104654,Walking
11.49054321018734,7.3984089015222,Falling
6.6337127101502045,4.4176997951722194,Struggling
5.0859950167274715,3.19535077086805,Running
1.7051359251671796,1.0890961149071243,Walking
0.8288712762529586,0.27911206003345884,Standing
3.2176335423363094,1.515411174495256,Walking
2.1895628401452942,1.1927652219126654,Walking
1.526502067007821,0.9439143332879849,Walking
7.055468044402199,5.887716910062718,Struggling
8.918392643015874,4.91142955052577,Falling
2.981252297788741,1.7944585984804438,Walking
8.662005245291896,5.059733399653037,Struggling
2.190459907339945,1.1213013883577454,Walking
7.526649929330851,2.8644861732632965,Running
10.328575230311195,4.914452637115762,Falling
6.43101073238261,3.2360569424986334,Running
0.3356738330390596,0.5995123622409272,Standing
0.5568784431720959,0.33262008281865757,Standing
2.581810007676162,1.5446447105541607,Walking
4.686775630821798,4.000338256229881,Running
0.5466852550992888,0.4603275098289187,Standing
7.662520332079909,3.4615785687156695,Struggling
2.491407500463782,1.8996908516124624,Walking
6.04913902897394,2.8428573099939385,Running
7.582699110475115,3.112949150196911,Running
3.402884057451362,1.6647339539765271,Walking
3.214617804721682,1.5098696590317973,Walking
0.5606782949389499,0.5027411652916697,Standing
5.01308953409086,2.529936329975348,Running
10.789101676215427,7.1342340292514255,Falling
9.106941814503472,6.373304671151533,Struggling
0.1273864160003393,0.22840702409480926,Standing
5.917210982017172,6.419896078245897,Struggling
7.4217221314575434,3.0534707330375825,Struggling
3.1070753189252067,1.852661042819343,Walking
4.267894448101086,5.132051359398516,Running
8.726893172912625,7.100785388709831,Falling
10.182340730676591,7.935975698823995,Falling
5.501875713866001,4.911443635580341,Running
11.988729415611802,6.456707497313108,Falling
7.231934451315974,3.280014048532263,Struggling
0.7066342634675964,0.2995843199744136,Standing
10.890951008955218,6.798553196525628,Falling
0.9292884022620594,0.3033812297443592,Standing
6.646737153599426,3.951968104539241,Running
10.527954721584756,4.833800607955705,Falling
2.662030186750219,1.1391064664391455,Walking
7.127839908631836,4.755240977187521,Running
7.034007523665563,2.543884776633027,Running
0.6204737850519706,0.5938025497592697,Standing
8.779900799601156,7.61643331026765,Falling
5.793394368448425,4.0329240786646405,Struggling
0.4331631113151664,0.6194421463556762,Standing
6.3152270180477625,4.397173972985162,Running
5.22761805277828,3.7449136462002346,Running
0.2709426983163654,0.16180334441962796,Standing
0.18537277908251149,0.4798170519763984,Standing
5.699403371472348,5.2235155416506025,Running
10.983013516304505,6.4527460580274525,Falling
6.784624580551701,3.6483962933091636,Running
5.803105135545455,5.37549350700322,Running
2.0438920788368975,1.5385383836915871,Walking
0.9390684794502916,0.5090994252266995,Standing
2.5574488381968714,1.7388765609740457,Walking
8.47320479446864,3.874862451991709,Struggling
11.295069583196492,4.72099102524587,Falling
9.074698642702696,6.112100972578613,Struggling
11.094650259582663,7.117435010442252,Falling
2.3646924528066946,0.5467236391900866,Walking
9.395928863006239,3.973586732874122,Struggling
8.15019939239991,6.432481577004414,Struggling
3.2958383739153314,1.8321772834010537,Walking
7.1820979936479645,5.667087639135589,Struggling
7.379485391020916,3.2470262083272696,Running
5.336279569836839,3.379671747286679,Struggling
11.612374911506153,7.767498792101768,Falling
0.8066650530268165,0.6864186168057834,Standing
7.329128766115623,5.284649194489444,Struggling
6.59052223451736,6.844637662840661,Struggling
0.3604268271414861,0.6269906008601892,Standing
0.013698550408914545,0.06417779716457127,Standing
6.160090901544054,3.05752578428834,Struggling
6.824634008476217,3.4268679702044578,Running
0.005346160854364457,0.7507309950865153,Standing
9.322166234341822,5.347746026235628,Struggling
1.6386566607755295,1.45748335968774,Walking
0.4422938054511353,0.5659176000263422,Standing
0.5788401680355926,0.4555875873378031,Standing
0.9291395200154627,0.2735242224843923,Standing
8.165363267497565,4.8771409093031615,Struggling
9.90558953933968,5.59803571882979,Struggling
2.4223338025078203,1.9098976879547336,Walking
0.9492006931808914,0.6662655214952606,Standing
0.6775316138836847,0.2984980947379069,Standing
0.167357032236781,0.4002875569724485,Standing
2.7885134473016233,1.9613714812171341,Walking
6.218750839120345,4.743383049278117,Running
9.655309861283182,5.214582957088851,Falling
6.671042366412612,5.012101239310452,Running
4.076579471987347,4.83730775918736,Running
0.6996395696221217,0.6705239799909141,Standing
11.843680587715298,6.375772775982414,Falling
5.60754879956292,2.9610731285326137,Running
9.168959754594137,5.570310441294536,Struggling
6.96225889303804,2.7847253238020384,Running
0.05198935197770749,0.025395012298390897,Standing
4.338261512388952,4.3205408666204175,Running
8.985144075242125,6.917379199018023,Falling
0.211231831472931,0.6903974650870977,Standing
0.7374260857706773,0.22921563914169837,Standing
3.4944757998072054,0.5450390079940892,Walking
6.764847237546162,4.3091186651598505,Running
2.4300190350528554,1.7710818958570607,Walking
9.390028329700725,6.023877761615075,Falling
11.267895629087347,7.4839159743608965,Falling
5.425517430598926,4.542390370053333,Struggling
5.664872235381397,3.0043543851978876,Running
0.4691072110475787,0.21484973396291407,Standing
4.299284820779892,3.8153701457517344,Running
11.892307191649193,7.157523774214658,Falling
9.113473926650627,7.294026190232153,Falling
6.162529961039156,3.5187159128969414,Struggling
9.421278993895552,6.858979728510056,Falling
8.842027758661372,7.331582741020867,Falling
5.370580586090086,5.09397676557442,Running
7.317256936503037,4.6200266010331,Running
7.392480581279809,6.122224107548855,Struggling
0.0031409060481221163,0.13939472131630365,Standing
2.3834929832754144,1.9763517488516509,Walking
7.289524844741417,2.670936180992105,Running
5.833725696525752,4.675018228897356,Running
6.668849348776725,4.831147856955268,Running
5.2555019868898825,4.114068116091708,Running
9.947255654825282,6.5580772441750526,Struggling
8.063292687987284,6.329660495466545,Falling
8.708207259180211,4.97027628301319,Struggling
10.748156602329923,6.803289046622166,Falling
3.2195893496232912,1.1102072014275852,Walking
9.664581470562426,6.2984775710180925,Falling
9.449418632367433,6.271425222620119,Struggling
0.7362398101338331,0.41031764441504753,Standing
11.880941377659507,7.763129653801071,Falling
8.308336298145946,3.564894173492598,Struggling
8.661209144551846,7.489912761490675,Falling
0.1828377798688171,0.6605687612485336,Standing
7.883070035648589,5.23506377849759,Struggling
3.0712862070582547,0.8791976660236596,Walking
5.469562914788282,2.7610516549083663,Running
2.9589275396633274,1.3598347916743871,Walking
5.875615700651766,5.691058457649866,Struggling
2.0052920612425735,1.2801110916667255,Walking
8.99867581096092,5.4213657128130395,Falling
8.117389152596482,5.4011258421121475,Struggling
2.754657870181356,1.6253986459082634,Walking
9.833294378350303,5.7292678557207335,Falling
2.087898202033795,0.8556270627760101,Walking
0.04005911905069448,0.2331687307950351,Standing
0.23814665366569632,0.7267476415035002,Standing
7.331497064699094,6.042302569821129,Struggling
7.041697246729887,4.038766494324297,Running
8.847244470410235,4.591462812069709,Struggling
4.682833453249921,2.5913910589268805,Running
5.22726250217898,5.586401775794648,Struggling
0.6151291405411998,0.7284845737715374,Standing
7.094210967459549,2.870202445616789,Running
9.11388291571021,7.48543698365707,Falling
3.178360789960597,0.7410193770677678,Walking
0.7537340704280046,0.17240060709404084,Standing
10.898393147390516,4.8905754998503665,Falling
1.8782782000459692,1.8835512270051544,Walking
9.51900609167727,7.305060216780338,Falling
0.7507696492110557,0.10038903743932055,Standing
1.9215628987093765,1.3346843087381846,Walking
7.828907774204982,6.716578868846749,Struggling
5.272198290203675,4.748278017942426,Running
0.5247356376614322,0.6201952414679595,Standing
0.41858228553148913,0.23401314038100163,Standing
9.80746162287056,5.671471626803253,Struggling
0.6370947008244425,0.4778339362827755,Standing
0.19230989603362747,0.23652363328998824,Standing
9.424275588480022,5.956267903757491,Struggling
7.65172401909876,3.5193107268965313,Running
5.05142247967846,5.864199892968578,Struggling
2.1937719527287713,1.1534671856847647,Walking
0.31187943576372523,0.27197749103459856,Standing
0.8495342154879013,0.07119177188507733,Standing
3.3709690270549917,0.7785996080077784,Walking
7.714522248461576,2.6854253820676677,Running
1.979978727739915,1.565198960846806,Walking
7.233572636292601,5.006071841400665,Struggling
4.020106210439213,2.6802892311345103,Running
3.0023542739080855,1.6308021240648696,Walking
4.708770004044764,3.382800209911343,Running
0.7570481146986254,0.044484417344368504,Standing
0.21244727719547296,0.5308188751307619,Standing
6.868482273888774,5.06839749704123,Running
7.582251392527355,5.227525792160757,Running
2.3801160930187972,1.5945678597461335,Walking
0.34210762086359403,0.3439660958238574,Standing
3.1449892985804544,0.7600145794629213,Walking
7.657274570946527,4.15178137070397,Struggling
5.19976827910809,4.288245865714918,Running
1.8288110581577575,0.6748746118335451,Walking
6.775658238769063,3.1809967560755514,Struggling
10.932000428890493,6.805314742289184,Falling
4.423412943511636,5.119058182089148,Running
0.41085709184049646,0.4484638472008389,Standing
8.043244334540786,7.392928759670125,Falling
8.899941634552722,3.3949488275306634,Struggling
7.319908490834437,3.474836382036446,Struggling
7.925392211031015,3.9051010032663993,Struggling
0.5948473795019096,0.5910933417064261,Standing
10.467776109538008,7.522130056195122,Falling
8.413060035500195,5.103833569312267,Falling
0.7481608263876856,0.44900454245993926,Standing
9.093701147420255,6.934268826054652,Struggling
1.5635569687146489,1.6730761538956374,Walking
4.201398107877413,2.658295773578808,Running
10.094345940885812,5.263909554428054,Falling
8.069851531626163,4.011432473000445,Struggling
5.436834987930761,4.970656679835457,Running
1.6528797220788953,1.8438262717889893,Walking
2.156358965595224,0.813589060560269,Walking
3.169181905190544,1.0375019850075107,Walking
9.204543552014535,3.884954785784256,Struggling
7.88236218778877,6.047534447449776,Struggling
7.295620116433405,4.213143563397132,Struggling
0.016756304492382412,0.5433593209609355,Standing
6.735465807341373,4.094716458060193,Running
7.748435779678708,3.435406410867306,Running
0.6564096035006569,0.7769207258946287,Standing
3.356203671019573,1.7672934912344491,Walking
8.465433940657984,6.644785424377787,Falling
0.04404037938846439,0.5546681229877654,Standing
0.35466620498508283,0.44053070355268126,Standing
7.334576041900689,4.944013014129967,Running
7.190883583331776,6.597041435698758,Struggling
4.423497272852517,3.5646930504596623,Running
7.658305118822415,5.151131738965506,Struggling
5.350540698206284,4.5810372617246315,Struggling
10.225312029028316,4.602043151077312,Falling
9.676731503608485,5.088712795182814,Falling
8.550573831686396,3.382916218977589,Struggling
0.2623429667809457,0.2504401160505175,Standing
7.54472708851738,5.302912342502471,Running
0.37961676445167025,0.25326940792692093,Standing
0.0913741048604092,0.2518606634813191,Standing
6.709752284913177,3.785373711546386,Running
9.775615329279645,7.627581052575461,Falling
5.040295516710599,6.772699291845139,Struggling
7.156508531705073,4.51616194153214,Struggling
7.376849301144572,3.9520617175282124,Running
2.1169365629789683,1.3595633009285235,Walking
0.559405425727357,0.6627905071161928,Standing
0.9783547870568566,0.772597767855798,Standing
8.935587725888814,5.238101796882758,Falling
0.9467562446922407,0.32016982067973765,Standing
0.45440315447995283,0.624151414786396,Standing
2.7070576130022417,1.4892589724769907,Walking
2.361967803841644,0.9567387991234262,Walking
1.8623665581001656,1.4341301048597617,Walking
6.536082085106354,5.185834166912498,Struggling
1.8204512019530126,0.7564046036312724,Walking
3.094422145157526,1.5863488214179238,Walking
5.362179341919587,4.914891191197763,Running
2.823437365287913,1.4036741629498817,Walking
4.307229764277125,3.204982832604075,Running
9.174736028472019,6.898762384194206,Struggling
1.9629504275305962,1.802614285920401,Walking
8.143720728743892,7.744207212158878,Falling
0.0393918336928194,0.45915989285520836,Standing
7.431820363660229,4.693472033364752,Running
3.074743916298546,0.9596492340550573,Walking
6.353408883932613,3.693053243299164,Running
4.247542806721901,4.106103823544954,Running
9.704484951808922,7.413272388813482,Falling
1.9435639563846372,0.9763318698042527,Walking
11.269221248852947,7.756394470592639,Falling
9.8002345577049,5.6810899763748015,Falling
9.149306866035609,5.479110887191749,Falling
6.651185096838887,5.111901644450471,Running
7.2105351733986005,4.337604715954995,Struggling
10.775222227869648,6.434668288117541,Falling
7.859979391417964,6.221729317199945,Struggling
0.9108026709698133,0.4379318723037807,Standing
2.0363487354898266,1.0416120895115557,Walking
4.226721728663342,2.604018112678199,Running
6.687662329419094,6.211404835982184,Struggling
0.6415044812562517,0.20786251035223957,Standing
11.582759777066466,5.540505214984643,Falling
0.41130397206623126,0.19242526814411898,Standing
1.7822151880427022,1.3183731826880996,Walking
5.5879686488298965,2.9689509121265827,Running
0.3604745051415539,0.5370166601833061,Standing
9.948782067046674,3.1200853285962875,Struggling
1.8124030158611986,1.9826314909452216,Walking
0.16906177843971626,0.281444005128282,Standing
0.5778070502510847,0.6928812363022678,Standing
0.9851745550906748,0.6144043482505678,Standing
0.4111904758694911,0.3419891632722144,Standing
10.661460833675617,6.25248824042835,Falling
7.14811431948422,4.115752304293907,Struggling
0.5561906926300116,0.6236133611392508,Standing
6.094402188610447,3.2607523509891077,Running
3.279826752725725,1.987944120857965,Walking
2.8041861237633015,1.6713790345791357,Walking
6.40987932281382,4.034915747557042,Running
0.12595519637935826,0.7833212440804925,Standing
0.9638231608784736,0.10806411698060857,Standing
0.6764837495206044,0.4753934618468778,Standing
7.063316156939639,2.5162147710180096,Running
9.103690777522187,7.190034658196208,Falling
7.320333447022524,6.772247589627886,Struggling
2.750660339908908,1.6206174006935434,Walking
5.004320414660671,4.451275746471593,Running
8.029984836355126,6.397785624902943,Struggling
0.11344081710391674,0.7975273748714843,Standing
6.37656745102583,3.734123714237768,Running
2.430673867878972,0.5205236221410217,Walking
2.017183182269568,0.5417783612316116,Walking
11.109821868729542,6.854964967209907,Falling
8.698588743585319,5.535762103028157,Falling
3.4306054472608,0.5756251604033138,Walking
10.36806737115625,5.0806535852977515,Falling
5.346970429520917,3.3595074069446427,Struggling
4.509942720560985,4.900619043050737,Running
5.626362149437889,2.929844376107923,Running
11.965814271371169,7.043935908668832,Falling
9.501320556010352,6.168764779206704,Struggling
3.1750616681521113,1.4217286662674469,Walking
0.25363555551403827,0.6050674156663094,Standing
0.9242870707946612,0.2606587686163878,Standing
0.5934613827047238,0.012994754567562961,Standing
9.294121649941966,6.827695961523209,Falling
6.713654627139536,3.538305068416431,Struggling
11.697017098412463,6.112344404417212,Falling
10.599152187057198,4.862019402011692,Falling
10.579611621169423,5.50888052008579,Falling
3.071884538241587e-05,0.569709636704484,Standing
2.608713362432738,0.7223261931489869,Walking
9.788158231362939,5.262979802453157,Struggling
2.606223942116743,1.7183871814855127,Walking
6.428541123534307,3.66617904362964,Running
2.2797994925821614,1.2200710659651284,Walking
8.386579337151009,5.119139327883944,Falling
0.5318717665050166,0.6988948229897723,Standing
0.8913182063602987,0.37105139978214396,Standing
5.905845084957598,3.454912284077042,Running
6.690029050694596,4.546575067765296,Running
8.473268864050876,4.458682704937346,Struggling
8.513303448755059,6.524723778802655,Falling
10.290571412462338,5.3986022370841535,Falling
9.703750833867758,7.981394578187706,Falling
0.6191727353658367,0.14931195183814605,Standing
11.069995322362821,5.576354284216597,Falling
8.982542598618542,3.93016532648342,Struggling
10.20420381317973,6.332472528354495,Falling
0.47849107010718916,0.4684509830346415,Standing
11.08604824799395,6.781653029468613,Falling
0.5855876838726125,0.4354759101074569,Standing
0.6377741418455916,0.6560540016445195,Standing
5.99251977419217,4.567931236308071,Running
9.231083621172596,6.647732660462843,Falling
3.454063353090352,1.3171583404741831,Walking
10.920886871028998,5.776878645727296,Falling
0.9077354331775127,0.7972525250311859,Standing
10.806953095509028,6.447626230720877,Falling
0.9415768527339338,0.42377117288669414,Standing
6.57886575624748,3.2275255911105862,Struggling
3.1664087131933485,0.954526260473045,Walking
10.702651608828292,5.885780291685824,Falling
2.8522100516287034,0.9608584427715807,Walking
11.738919661953204,5.378076849617451,Falling
6.338172453037833,5.407965436852537,Running
7.263077618540429,3.900184281303851,Running
2.511863308639117,0.7428845099483206,Walking
11.990997556040803,6.0810881659350535,Falling
9.602816667337866,4.903011624383204,Falling
2.3296513110427037,1.080911617137262,Walking
7.210167104655618,5.592933875231385,Struggling
3.381007905758805,1.473148079239079,Walking
4.790556882364521,3.041554685177271,Running
2.7036134678908947,1.37260497113178,Walking
0.3380844093662614,0.10145921804033504,Standing
8.378106547991216,3.152345202397277,Struggling
8.83532374197836,4.704978568495869,Falling
1.5839281468872686,1.0454680383791743,Walking
7.884908062088409,4.381923414893783,Struggling
0.2954679246267593,0.4239762728171365,Standing
0.5658505603132467,0.72641483633733,Standing
4.688344129810506,5.1363077493787435,Running
0.15144552193535732,0.34621718747345515,Standing
10.457600029725295,6.332821956191138,Falling
5.879661488134381,4.007472630480796,Running
0.7914097505069756,0.7326305915633018,Standing
11.13387824019707,5.469742373996898,Falling
5.621729207154352,6.500534474484608,Struggling
4.708614092890502,4.666198192611356,Running
0.516283299197674,0.4645161807277073,Standing
5.052468205699722,6.580261155404983,Struggling
7.238700145063557,5.351598462863227,Running
0.34184728549809207,0.6990999644168148,Standing
11.257547117075045,5.481171633929944,Falling
7.199278198569175,5.575826317790455,Struggling
5.582294652408563,3.508384960873757,Struggling
0.4593314408005428,0.601702959634857,Standing
5.770309383731261,2.6450881331463427,Running
5.764602208922529,3.098234793275605,Running
9.412411555753557,7.299241775560242,Falling
7.303729234200064,4.394376377749062,Running
2.3907730519557444,0.5218507321269183,Walking
0.9579458599261376,0.4328910599030758,Standing
9.660499758138885,4.550158170534504,Falling
2.6432152989658877,0.7772575969205374,Walking
8.021796598573856,6.054769077401282,Struggling
0.2267726253196457,0.533217581354428,Standing
5.06170523030187,3.5718435104030086,Struggling
4.809175796632815,3.6601211711319337,Running
9.591173763716393,6.290976064901453,Falling
0.8835647283701904,0.21649599575487732,Standing
4.5813067696820164,4.017090231344122,Running
5.129046964315909,5.213162558492,Struggling
9.9729099451763,3.8073673414550324,Struggling
5.567703211631433,6.670172038614979,Struggling
4.74110740133416,4.123810332825034,Running
7.255965957253618,4.321565894662466,Struggling
1.654375060452936,0.754830609828586,Walking
3.0929687786591615,1.6351371353703925,Walking
1.8321497046670274,0.5886587313134818,Walking
9.744903335235007,3.5702262201324624,Struggling
5.455703197223388,4.14360213508481,Struggling
0.004187443627957865,0.536347467037534,Standing
0.3311464891641498,0.6127772598841433,Standing
2.3308860011841794,0.5360075672673332,Walking
1.5444369640511608,1.98280998056856,Walking
0.967802737648485,0.4398913426915185,Standing
6.1846199694836175,3.387862683861699,Struggling
7.190056181185943,4.532637415551328,Running
7.37544936433384,6.689737134624497,Struggling
6.403004066189579,4.399751414282856,Struggling
0.8437550439872936,0.25993823552531303,Standing
7.4972293365483225,4.991868281295374,Running
9.959481906870979,6.707511055721753,Falling
0.9782206685265583,0.14471352110311866,Standing
0.3341927141731099,0.5846962766209284,Standing
10.926248478244535,5.802420753345945,Falling
11.216662259935536,7.532481142388951,Falling
3.414393927038469,1.835207080170371,Walking
0.4596445973857374,0.540609034316179,Standing
11.986105235194476,4.973260597994992,Falling
0.3960009663856152,0.10640783912586303,Standing
10.920693813242707,6.501262605775931,Falling
7.628167841660087,5.474598327482159,Running
2.2087543659722706,0.9542448334681133,Walking
0.7007255212842638,0.47121607278472927,Standing
7.968903159717261,5.3023737145603285,Struggling
2.811806626196799,0.7982210914061044,Walking
0.5702869387313905,0.16808575432988146,Standing
0.8274987416356734,0.20363243433732894,Standing
4.173261093017247,4.5980183987579295,Running
0.6949531193430477,0.45391275532485875,Standing
8.675125930949116,5.440431688144939,Struggling
7.202695799364974,4.269221909681946,Struggling
5.3046436086036,5.776069656422968,Struggling
5.152738103838118,2.5193930733691317,Running
0.2856259885622431,0.5876866405684281,Standing
6.593448019952618,3.4187038821421334,Struggling
0.1744092671114995,0.3773195926004763,Standing
0.6256819122613526,0.4404253444769805,Standing
5.6268767461693665,4.014451083438833,Struggling
1.892588604622134,0.5338467675580209,Walking
8.48678122690669,6.558327731619064,Falling
6.507873738114866,4.925184646912069,Running
2.9997198625765376,1.869562200334784,Walking
2.154841917466896,0.7469307698547573,Walking
11.162764407600672,5.846564017776057,Falling
2.610267573506377,1.3819874441957491,Walking
4.2695074860877025,4.994622359012997,Running
0.08778823705815997,0.13746356828612677,Standing
1.9279893573966271,0.924926605238866,Walking
9.441501969452682,6.616938002769034,Falling
10.597515280946489,6.841067858642399,Falling
2.087069584917321,0.898996539638987,Walking
0.5574049643141872,0.5656122354180727,Standing
7.822953194667317,5.652108814892589,Struggling
7.264316169373405,2.5568362101230635,Running
8.600787304654702,4.148884836820603,Struggling
0.04922091454076161,0.18486468229959696,Standing
1.7752594687967227,0.5013941253049417,Walking
5.690626465701236,6.436447030587666,Struggling
8.374466015270773,3.9562655363001187,Struggling
3.020011089924197,0.9688970373624501,Walking
8.838761109720803,7.917963581630165,Falling
9.672719403577577,4.213542174516533,Struggling
0.8862882164557176,0.12109693701061995,Standing
5.314232599543194,2.6633981421005126,Running
8.358544296220304,5.917239201908824,Struggling
8.827271572533585,6.265595795842744,Falling
4.588908297642067,3.1197430486653426,Running
10.980858970763338,5.312786418154701,Falling
0.006814697900128119,0.4187257480539775,Standing
2.2404643713691534,1.6269183865606502,Walking
0.8461242105302316,0.14625071083138072,Standing
9.50670576171785,5.687342314108427,Falling
3.306496210190261,0.9011229177081614,Walking
0.248539820927426,0.2535540974138251,Standing
9.942587461337109,6.410732366581501,Falling
9.29349060622287,6.428923749479164,Struggling
5.094793830713484,5.235455886058275,Running
7.780096258322275,4.547621436301471,Running
1.6075446233239667,1.5040354763611226,Walking
0.5105704087285036,0.09596235338477586,Standing
4.254739070010067,3.0313814325947623,Running
5.686500163577851,6.8095470095948984,Struggling
8.413263025220996,3.9424914047665935,Struggling
0.8119462346378834,0.7565997617807442,Standing
0.8032449046648062,0.7892504912915284,Standing
8.70988864756993,5.710892964805282,Struggling
10.49991899350414,6.734227020971511,Falling
5.268173957604154,5.869859962447649,Struggling
0.21771251297815153,0.07052172650931557,Standing
3.1411042785114374,1.5149669522297713,Walking
1.8783915847807098,1.5805759978796687,Walking
2.1157482505487346,1.2158001191269419,Walking
9.90620798727731,6.729955694359207,Struggling
0.8388538619040689,0.5368103844263279,Standing
9.610959640256421,3.5679770374083386,Struggling
10.90148640093943,4.894066632852181,Falling
5.225203987550151,3.4783235575377205,Running
0.6791625683195628,0.5051007821147013,Standing
0.6296283449385927,0.6907876866952923,Standing
7.102021186875998,3.6793653946212377,Running
10.177029348061003,7.915225864921265,Falling
10.110254595997679,5.1005872847281655,Falling
5.762659533697175,5.139743880181044,Running
7.079306697039738,3.252519636831866,Struggling
0.24997289086882968,0.058691253967682135,Standing
2.690732740313745,1.1227184809891186,Walking
7.053546226958331,6.270493513217945,Struggling
9.101266594724448,5.594988455580072,Struggling
1.7747234919373485,0.9153049542380184,Walking
7.723296299960456,4.4823955890727305,Running
3.4914689041026463,1.1528934194848308,Walking
8.006575028449799,5.817452368822429,Falling
6.0212105318421445,4.674780573310737,Struggling
1.7108105719123339,1.3307351609505884,Walking
4.6712583825841145,2.861090728629958,Running
2.948058377545842,1.893211941031828,Walking
2.9111254232993824,0.9615542200847658,Walking
6.74415953729315,4.499299697399991,Struggling
2.9374362265244045,0.6659053983097413,Walking
11.671363532374212,4.878101351220527,Falling
4.215322099633836,3.06962598728776,Running
2.2836217892343433,1.7036026766769865,Walking
8.695457109964766,5.74605577217301,Struggling
7.5444703503494015,6.445782744085297,Struggling
0.03172249181603115,0.4279733387275553,Standing
11.955362165214652,6.191312265564023,Falling
6.249717496471684,3.3383359219567077,Running
6.15357991714783,5.476406918435748,Running
11.451689574043955,5.434762526097163,Falling
5.382318343483252,2.520946785641044,Running
11.816169060312344,4.926578256234842,Falling
11.31009477581527,4.502092785921784,Falling
3.4027937239582124,0.705531365054481,Walking
0.42815517303011985,0.04914010340786615,Standing
9.669579129316592,5.819034081215159,Falling
0.9052989990105155,0.3943655773246881,Standing
2.5740826294839483,1.759996640906515,Walking
5.190601110273121,3.3941986035100125,Running
3.1886297283047647,1.8737113750260084,Walking
0.6349066591531628,0.09907682136465397,Standing
8.083032128495857,7.163100921850283,Falling
3.1425003091194084,1.3169463066607037,Walking
5.859382560679621,4.90610588332895,Struggling
9.298226726763033,3.6752400231382567,Struggling
7.414256372050524,3.8491425666743653,Struggling
11.077770317686227,7.771784311224742,Falling
0.014381235984152974,0.6423850410472831,Standing
10.423704781656989,6.262979354794248,Falling
5.508215724006796,3.679962011155566,Running
0.7009353650179992,0.15541885680144116,Standing
2.506690261212308,1.694660842285216,Walking
2.7910687128210445,0.7336598908702552,Walking
7.007488052824382,6.1725141518522255,Struggling
5.929807537787088,6.803274639665726,Struggling
9.778247336332447,6.814530431318758,Struggling
6.938834281060103,4.598789599070585,Running
0.9477796979692298,0.11295925082974795,Standing
4.434730157498768,5.44377273217383,Running
6.712955414055659,5.510675508635234,Struggling
5.730105096484813,6.752256558272525,Struggling
0.8259409191119182,0.557249121715237,Standing
0.06903693691137491,0.26783123351254334,Standing
10.542581287810453,5.745852207147242,Falling
6.385868301654175,4.943151762007244,Running
8.529074860393926,5.188408690594881,Falling
6.2575815213559585,5.298869876584682,Running
2.552165036834806,1.638966282725308,Walking
8.816350644623041,6.141642616313539,Falling
5.890061771278341,3.6346735457300343,Running
7.534735870751959,3.528788988277588,Running
8.101394417055754,6.915164109433073,Falling
3.2073090978822236,1.587930626531833,Walking
0.08707120557730819,0.16171951938021661,Standing
1.6795190011203143,1.8662393970294728,Walking
5.589085891361838,3.236651877833473,Running
2.1856779296109012,0.667231531758173,Walking
7.86332927887333,3.117383130968265,Running
0.24021943320838557,0.3550170712737961,Standing
7.769966277515655,5.138236876625235,Struggling
6.915479217953365,3.404389178376402,Running
6.63919099425017,4.488329019851584,Struggling
1.7298126867238206,0.5057557182617014,Walking
0.7379277689988003,0.47794339405873604,Standing
0.05451192743782629,0.251235045534746,Standing
0.46503633422090995,0.18158283157721683,Standing
0.08710928946143404,0.3899075533376343,Standing
5.36853040044758,5.3846521964126985,Running
7.317540600569498,3.0710109252851425,Running
3.3190969460242767,1.353433224922776,Walking
2.3617165507645415,0.9682878256795819,Walking
0.43369433132038004,0.6787774195250118,Standing
0.9857682495857412,0.6330274339973468,Standing
11.22038924816454,7.457638771138249,Falling
1.6025269183519963,1.1028144068551093,Walking
6.33368607607374,3.89261184685638,Running
8.745679219415898,7.122793028257349,Falling
0.11284318718362141,0.477147163700528,Standing
2.9972174171636645,1.223901853492281,Walking
0.9672711903702976,0.5721000158535103,Standing
0.6131519111030179,0.6444817750161906,Standing
3.2959104323700386,1.2875740103680768,Walking
8.09145399377394,5.722689492902948,Struggling
8.49379946324142,5.220930125569366,Falling
8.215127856709511,4.577300458554129,Falling
8.316553547520009,6.356398795198446,Struggling
10.952673082147374,7.499375451716837,Falling
0.49236230351962584,0.5606925593003429,Standing
9.673164444373944,5.582944782046555,Falling
10.593858227600949,4.739542482349192,Falling
8.477524045352787,5.647449932600364,Falling
0.6141331761875181,0.26065966721555894,Standing
0.34000438605989214,0.6957197478497371,Standing
0.08426436615585109,0.2848744681331374,Standing
5.9090882641866935,4.721386129488802,Struggling
6.959471306401614,4.867068533644403,Running
2.770646693416642,0.7947304504343167,Walking
2.536154330395122,1.6220241150491037,Walking
2.61948932266735,1.7869023709959932,Walking
7.1769816169987575,6.812480457576552,Struggling
7.7206608114502,4.082763919816497,Running
4.211306745458888,4.678254554451551,Running
3.0837826475914585,1.7173580065273222,Walking
2.628833175559495,1.400874795480704,Walking
8.537131375809661,5.847111779963798,Struggling
3.4396377292675693,1.591446706549533,Walking
4.485659622019888,4.663397072070471,Running
8.333428259462565,5.493518263839628,Struggling
9.959143471952963,6.350298113962465,Falling
0.13637032746756583,0.5824098062369579,Standing
9.025871986801885,3.7431078187948312,Struggling
6.927767822006569,5.026743163416011,Struggling
5.107016527805234,4.174513551671322,Running
4.278877703334918,5.180214187263961,Running
2.155767988036517,1.6056986209349586,Walking
7.373845030218256,4.345293577081334,Struggling
4.1986459658388755,4.370557585522463,Running
0.08540303016272166,0.7779691120223218,Standing
6.406753109269208,4.830301329001728,Struggling
2.3582989839166437,0.6123437630029755,Walking
2.41363560911227,1.768501023648157,Walking
4.779833085994522,4.014734353750418,Running
9.511976154504612,7.934135455778447,Falling
1.7384208856811467,0.5546915762384277,Walking
9.699814076249721,5.840091015494642,Falling
3.1879869438840496,0.8936125647339529,Walking
2.2865229701984306,1.425069061470164,Walking
0.5776130806371337,0.45672564300171586,Standing
9.424039735153254,3.925430569037636,Struggling
11.973060785718985,7.539949598873113,Falling
7.460284397501575,4.302376448018857,Running
2.070411605360828,1.446155630258931,Walking
6.4502201408899325,3.805855684214132,Struggling
0.28191835559725165,0.25443168935561594,Standing
4.224897179403889,3.956902895240021,Running
2.5946493686789722,0.7468989105493621,Walking
6.586944250139426,3.88127639448787,Struggling
0.10236708458320931,0.6014166301463826,Standing
4.064112625820492,5.391055566061148,Running
9.303339108944424,5.77967351912603,Struggling
6.970450763872515,6.4038075976272,Struggling
8.504461289501641,6.536025346157169,Falling
11.208153081131474,5.0620779326515795,Falling
8.243414766786822,6.59699567315681,Struggling
6.357752275887428,4.26486049025332,Struggling
5.905289408827617,4.5092633536547435,Running
10.705593475640024,5.553382118710676,Falling
11.025804351955648,6.159552810576779,Falling
0.6957949669407455,0.7553670706768861,Standing
7.251384052207953,4.010121558545778,Struggling
3.4693089551816794,0.8136460468844213,Walking
0.2035348738868964,0.6152489065277794,Standing
11.354435550135848,7.329996869515866,Falling
4.137725234293258,3.8374766494810486,Running
6.509046848313469,3.149587961635189,Struggling
2.5767262042020453,1.8698445294189057,Walking
11.318263325713474,4.967934790398027,Falling
7.00569327012521,5.324003178360705,Running
5.4536157279977076,5.314543517574167,Running
10.514008680944816,5.253044675684194,Falling
3.0306325990507723,1.8941052257737307,Walking
4.129804307162702,3.2067646847340328,Running
6.995630502224831,3.9690286303390696,Struggling
5.217961697416122,5.448840638664103,Running
4.18797000401247,3.5164390648145445,Running
8.956058138663774,6.701055139458614,Falling
3.2390673436299595,0.7709863119669548,Walking
0.5425733269659556,0.5228694160355359,Standing
7.024768936427122,3.68126542469622,Running
1.7666889346327408,0.863816414874456,Walking
8.913325009474443,4.70460295532907,Falling
6.446219514098341,4.477416520357729,Struggling
4.472953569888562,5.361835637481328,Running
0.5772160730089502,0.5392302939399655,Standing
6.391232053606056,4.494217614732539,Running
10.80439034945708,5.937560402218542,Falling
7.735911896578077,2.893175892412871,Running
0.5144896023120388,0.6854682797785411,Standing
2.934523751731513,1.3731051966863355,Walking
9.321831332279867,4.827552286949068,Struggling
9.901854424676483,7.149246807695045,Falling
1.6664461324161446,1.7944394349695276,Walking
8.27501562568995,6.424010393071589,Falling
11.5109976194505,5.2139811126328555,Falling
5.311025457628455,6.2908116868688255,Struggling
7.008484463798883,5.01100076643845,Struggling
9.289288917587445,4.219612497540254,Struggling
4.702688399823643,4.039569675129489,Running
11.120192348160174,6.150692278183416,Falling
1.8323699992194984,0.9990942147655686,Walking
7.282178590983948,2.521426245304735,Running
5.316922461365579,2.6574451302991826,Running
5.8414214925393075,4.629014030513574,Running
10.822461219137171,6.325428443688384,Falling
2.940913482925512,0.922737504943208,Walking
8.829342128312657,3.3168526000334833,Struggling
3.0489712062395817,0.701650141054325,Walking
10.423587260717932,5.999231301990962,Falling
0.7835015025879088,0.00841057963332279,Standing
2.636863908661007,1.6879895501085644,Walking
9.907933570470615,5.862230165182035,Falling
3.2878670213399808,1.0037245469623017,Walking
9.726858248073889,3.2289467740672375,Struggling
9.811299221137308,5.47543010574984,Falling
9.05088377424521,6.152869746308054,Falling
2.0580165806955932,1.1074528810642827,Walking
2.6752539732302174,1.7308876839862222,Walking
0.08257215803527718,0.12361666399241518,Standing
7.552300656732207,4.035169633458096,Struggling
8.461451205222815,7.54388463170282,Falling
0.2587109474156345,0.27775373404976955,Standing
1.5123676452817933,1.7160253555063878,Walking
0.679704778576834,0.4561453054037552,Standing
7.842985211085422,4.112620430921039,Running
1.5480824747328756,1.3012095442035458,Walking
10.99479391375662,5.245997417598779,Falling
5.1500447975350365,4.114660305605426,Running
3.2652309150344916,0.6454681437741431,Walking
11.909826252735371,7.486610153333052,Falling
11.380048948623104,4.706675505603952,Falling
10.175148281566987,6.932395465925165,Falling
4.362237870403682,4.504009752229042,Running
5.483894850368676,4.816456082847514,Running
0.01366168547060942,0.7165810844120917,Standing
8.958583139830226,4.613361982215983,Falling
11.176057801063852,6.51771116098953,Falling
0.33798155046983613,0.5643920197384934,Standing
6.121914898998977,5.018011696219343,Struggling
0.009087034951216322,0.5186380218390413,Standing
10.051451517507964,7.456791534158511,Falling
0.7069563184934227,0.5234771677222861,Standing
2.638412926258855,1.8019694400963544,Walking
5.4881742712488295,2.7773485511111997,Running
0.3944793908388575,0.6936481459031579,Standing
0.9581381198044961,0.19810531445715096,Standing
10.760492470728032,7.431073582792116,Falling
3.278024380221919,0.740950418927826,Walking
8.92127689873151,4.872441170159956,Falling
2.206946384121441,0.9734498230507285,Walking
11.79408131005566,6.989060306347182,Falling
5.237878196354403,5.424712818430705,Running
7.117460681340479,4.067490426671766,Running
11.933363073656906,5.34560446752517,Falling
2.9319693870834485,1.4109866251895988,Walking
4.256378844144702,4.288427948649691,Running
5.113070643275078,3.6862548107271342,Running
5.669566496024402,3.4290066112038775,Running
0.133778144993968,0.7626457340658981,Standing
0.06892787813464862,0.38683988063229524,Standing
2.740469697922241,1.3172016279141476,Walking
8.358264097265243,7.003774403301113,Falling
8.854171417961366,5.939005177679954,Falling
4.0295676057771725,4.027406238764797,Running
6.954587134205811,6.905826117741641,Struggling
0.41834580749375805,0.35551649476086444,Standing
5.340186570458348,4.267616550882499,Struggling
9.728924238018033,4.820206314356105,Falling
6.798377806115338,5.748937373842732,Struggling
1.6218110864703654,1.5523478984044135,Walking
3.0554349781451013,0.838759448335088,Walking
10.77351015407541,7.181859154661327,Falling
0.8116270144448535,0.23513340840394703,Standing
7.935625455588655,5.229231060138051,Running
6.12580512107966,5.64927165415833,Struggling
10.125916985127283,6.102871250713374,Falling
3.0035963271738657,1.3524029244031526,Walking
5.010382588000406,4.042835096531409,Struggling
6.317253611153843,5.167001832443997,Running
6.526889673306336,4.056243541344129,Running
0.4492681584656367,0.2371559101953225,Standing
1.7492267713566547,1.478713933260848,Walking
5.032430572693659,3.891956252321142,Running
2.410151271040769,0.7453306917952811,Walking
0.621106324910203,0.2414400446889241,Standing
8.455863548476964,6.753677849737176,Falling
7.497741676023356,6.059104968500357,Struggling
2.416726958852612,1.293060979826079,Walking
6.555852087893138,2.7443416386734776,Running
0.2926550976674078,0.4363423601693705,Standing
5.728042235721451,5.4971484943109346,Running
1.7064332977579992,1.377552753077993,Walking
7.508510247594007,4.084567785269068,Running
2.0342881397412986,1.8659974930758327,Walking
11.47199836758036,7.398650542632085,Falling
5.376393583258368,3.449588108704052,Struggling
0.21986195636897687,0.35587148747242364,Standing
5.667671165803747,4.546785799949848,Struggling
10.441504239126768,7.422408249890369,Falling
6.027998480573389,4.216515885351309,Running
9.29103395488515,3.6824044984865774,Struggling
9.856001712785705,7.2618363907706485,Falling
9.653361277811992,3.0985776185452907,Struggling
4.299840173880052,3.169029470601199,Running
4.261107030265856,4.965517968258707,Running
7.517297853450243,4.042681033797933,Running
0.6501871664456533,0.7859860644809983,Standing
3.003589174734513,1.382548533826485,Walking
0.09701821823708945,0.051390860685700715,Standing
7.296718277969783,3.2204061406353244,Struggling
5.854488297373799,4.852813897920151,Running
5.1006804499522715,3.6938810391422714,Running
5.3302765391108,6.890272942598948,Struggling
3.4620897245089317,1.492716092861637,Walking
6.730046920464801,4.486696474988779,Running
8.228377351631774,5.700681063818777,Falling
0.10252919822780138,0.009534386382593674,Standing
0.8696958848516338,0.7126657186317069,Standing
0.07696918300801736,0.5366120203544286,Standing
4.978620218418852,3.763902644900094,Running
3.2542409353245763,0.864769970396339,Walking
8.358301154989494,4.335609886106216,Struggling
0.6310493932702206,0.019987265825479564,Standing
10.056093479506039,6.62013805682327,Falling
5.369580493183438,4.139429083076129,Running
7.012475388718697,4.682357173858362,Running
8.752928799076182,5.14487028050436,Falling
3.180696355177016,0.526247320981083,Walking
8.437963890217848,5.209986335547528,Falling
6.633694452843168,4.398457595230889,Struggling
0.274212889124147,0.021286692862147308,Standing
0.2604031087879084,0.670719710473752,Standing
8.376154187810187,3.8235279527132846,Struggling
9.135191772166197,6.928521066565063,Falling
6.7047829854261565,5.0758003209474944,Running
1.6548231039695012,1.269253043652713,Walking
1.7113006908978614,1.7192764573051367,Walking
6.611624122347124,6.10757499281949,Struggling
6.813108910929806,5.00337475856829,Running
10.69132675968172,6.240302182569986,Falling
10.561789095973012,5.5995672234294025,Falling
1.5660238718006545,1.930905128789613,Walking
1.8330070940990302,1.568330307765738,Walking
0.21772889968293352,0.49698122438413384,Standing
9.57417474998439,3.8468574885918834,Struggling
7.035907327416123,4.001858597001792,Running
0.6459278930230393,0.18630331692145205,Standing
2.2015552460206242,1.7490406195241301,Walking
5.237850305784729,3.84391496914657,Running
0.16542015212840933,0.001858724905544218,Standing
5.1792689533870675,3.5636446264858224,Running
0.4578049325592066,0.2071692840199802,Standing
3.2916314631203893,0.655212595469877,Walking
7.627942073752974,3.0062483151946884,Running
10.18267465987454,6.893912954702994,Falling
10.083543130802717,6.1417091053654165,Falling
0.3037350462250994,0.07441392741014,Standing
2.6491643951037593,1.2721763523997016,Walking
0.7955783762575864,0.11310684337307216,Standing
0.7336428403644485,0.6720150655365589,Standing
8.66739431282231,7.733059885568716,Falling
5.8246701342636555,3.498460252756499,Struggling
6.149102694672152,4.531372790447692,Running
10.514936060239972,5.43135478988058,Falling
5.822267127960435,5.172921654072112,Running
0.8323910417019079,0.7932994743689825,Standing
5.91711821748978,3.027362992593454,Struggling
0.6856517492651993,0.18102186731504563,Standing
4.974459167928777,4.895667514391797,Running
0.22361261979266478,0.6856775516879328,Standing
5.531333579073741,4.391905884949241,Running
9.241483556432481,7.167453671576136,Falling
5.797098187826599,5.321491595539032,Running
9.373718248282831,5.9497257657084885,Struggling
2.448152528215715,1.813527691379159,Walking
1.5074048136648337,0.7438418088971226,Walking
2.0143047022181917,1.5790822333622305,Walking
8.402803330694189,4.198225278459589,Struggling
4.584386262165281,4.969010723340804,Running
0.6522811128184463,0.3241577140602638,Standing
4.429802210515632,2.550738399764822,Running
7.650420107532442,3.0320540849792286,Running
3.110992092064489,0.615193526430101,Walking
3.4308972692012425,1.8737215222861159,Walking
11.080084913823315,6.705612797104645,Falling
9.88719092102006,6.857412936143946,Struggling
2.098846249606213,0.6502324962601504,Walking
11.126915956019037,5.213144200474803,Falling
5.441984835733792,4.368902099115618,Struggling
0.6296835952592029,0.3329287571249262,Standing
9.530504643402129,3.5509363955512345,Struggling
1.5370624671886666,0.7154320671032244,Walking
8.481512598022135,6.532690042650476,Falling
4.974832847617371,3.41768443978456,Running
7.2294330992990385,5.8343341830713005,Struggling
0.36080631137800256,0.6022779800731072,Standing
0.9962244930446387,0.3796268500979526,Standing
6.723848834499371,4.561182188851082,Struggling
3.273190883004797,1.1164138285251648,Walking
4.995188255012591,5.230649964899934,Running
4.577248174749926,2.7806782207370064,Running
11.494137056980858,5.327662192835431,Falling
5.381058208228213,3.01827026873863,Running
4.650044261189825,5.379237164385907,Running
10.869491096251894,6.825187783119888,Falling
0.7623612137071728,0.11510092431182413,Standing
0.019972932578028124,0.4692813899236484,Standing
0.5180153489085197,0.0059705123337755244,Standing
10.872272644803443,6.049427956886025,Falling
0.26918973947330527,0.7858048487492919,Standing
4.711536234937999,3.555160334036957,Running
6.512121858278148,4.98981877963733,Running
6.390529759475601,4.716791366048417,Running
10.67707316700334,6.068299205490768,Falling
0.7011442199666534,0.044582388560787584,Standing
5.434970042171555,5.486935530023048,Running
5.7660156931247,2.892017891239787,Running
7.667024012474987,4.902454299579251,Running
6.874797063891184,4.258706496342285,Running
8.769263091137402,6.123776922092118,Falling
6.25170133690693,6.326898525220359,Struggling
6.132221160378845,4.394633136028481,Running
0.1293806169667009,0.3006569752063528,Standing
7.719742376296343,3.8761153470026146,Running
7.111939886283747,3.1614114429981095,Running
9.625328923855072,7.743048841264335,Falling
0.9326022075036438,0.1001840205029974,Standing
0.08421301117709834,0.7876607171008905,Standing
2.929796876154577,1.1447670046147331,Walking
1.8495699757667319,1.4720454770828213,Walking
0.28943636803002193,0.3837000773955665,Standing
2.846839457822865,1.4217491903827888,Walking
4.401830198723873,4.027473896687808,Running
6.24143739815423,6.952055848261686,Struggling
0.5333083624587408,0.7967949192805598,Standing
4.848324949909511,3.216993040634654,Running
8.827190704176576,7.737725947564693,Falling
4.414546905923182,4.607216097598606,Running
0.33850687942547286,0.00567345021949679,Standing
0.40793781836784104,0.7842089662531992,Standing
7.1603329998857514,4.348872245062434,Running
1.7432105186961142,1.4496276897443576,Walking
5.474900621883384,4.809194254890641,Running
1.7315200924926493,1.7662788437361225,Walking
0.40646271795207223,0.617468828184088,Standing
8.32267906956471,6.853218936750027,Falling
0.08741680787108386,0.7491946650481807,Standing
11.254841083029232,5.259861303144616,Falling
6.445751672270754,6.8090403134492945,Struggling
0.5674432080232296,0.3016061695669957,Standing
2.0470840580038736,1.0994870031286306,Walking
0.9603667746221303,0.03567047418731519,Standing
1.528029035052114,1.350287649941142,Walking
0.04951262970229353,0.4794868697086422,Standing
4.05312481383432,4.126045895439178,Running
8.568531293383536,6.272582324511205,Struggling
10.73774144427723,6.261271452005221,Falling
5.941162536246861,2.9481449086792963,Running
2.5730512167868964,1.7899110712751138,Walking
0.6131162390692415,0.1257631068455634,Standing
0.6430609935400297,0.6100272302204278,Standing
6.5073316176602685,3.259596721038431,Running
0.6223029790740262,0.747536173474011,Standing
7.274784398638685,6.0139024217859225,Struggling
6.6770631833746314,4.945045950028444,Running
9.671936342027655,7.486496794985207,Falling
1.698475329839362,0.6360813241217462,Walking
8.515610340293996,7.019988809196062,Falling
6.4925514149913015,3.5682018973574343,Running
6.7870192597416175,2.7899217524946143,Running
6.178412672879425,5.854641132448615,Struggling
4.50720719650704,5.0997870657865105,Running
4.178036157104685,3.367410155256283,Running
0.1608602934850979,0.5602783110932557,Standing
5.528982601363995,5.024559410778577,Struggling
1.8833426376605487,1.2118165252378343,Walking
0.950279223611407,0.42855117636482387,Standing
10.33758368635783,7.289015495966669,Falling
9.027331415202934,4.354444916450531,Struggling
3.1638830833761045,1.1052799886603168,Walking
3.36908049124372,1.5890919890937116,Walking
0.23833721062799695,0.6351640677724726,Standing
7.638810326682238,5.2297638686544,Struggling
4.955380641614427,5.347843515267951,Running
0.7784284067813999,0.13643043911858072,Standing
1.5703185005423883,0.9847178259191258,Walking
5.161447541466724,2.746032223624563,Running
0.44730275625260063,0.7724143345878132,Standing
9.112448670215214,5.145523167044927,Falling
0.7595201487169441,0.16479054735077858,Standing
10.65613213244527,5.331460050987195,Falling
11.103460260811147,5.6855653452105095,Falling
3.3906140805032736,1.8756151692047198,Walking
9.262713224377503,3.7927855456866726,Struggling
5.715537557578841,3.0669569799135252,Running
5.633185627591872,3.714079157090395,Struggling
8.327753756152585,5.185930646456167,Falling
7.916380985695483,5.939037155397514,Struggling
0.9232860210139356,0.43585974053874543,Standing
7.658778241348228,3.980630978768359,Running
0.9891253191087334,0.21203782992742665,Standing
6.112272323728316,3.1062428082595623,Running
8.015673499804373,7.998112383708856,Falling
3.073446029467082,1.2645891129322695,Walking
0.15126428446267592,0.22773979107717093,Standing
6.003564214568961,6.520618931641035,Struggling
0.07748362655548269,0.014423207167129793,Standing
9.641994854789518,7.766175209671564,Falling
0.8018258998755151,0.3730996756036389,Standing
4.433601490866491,5.127799066558615,Running
8.782695836131204,3.380995735891478,Struggling
6.500366210746114,5.338560681973783,Running
10.160869067114474,4.676130265271324,Falling
10.719886840357505,5.210056115699821,Falling
6.893321215975853,2.908168703294929,Running
5.77393017423056,4.204702347989436,Struggling
6.919694077143284,5.166239550441439,Running
9.955803705753809,5.925927584741399,Falling
0.5665181655878301,0.5196343668829284,Standing
4.21130357563441,4.377523584947127,Running
3.1728794747522464,1.2679079460228917,Walking
0.8824091864437885,0.45734310267979084,Standing
5.275269291492019,4.280489247465554,Running
2.498217316215213,0.6652134243784497,Walking
8.964257383426947,4.554935669586979,Falling
0.08982212942560475,0.20546403018014817,Standing
5.504708127781994,3.796045177660753,Struggling
0.6386726361204053,0.11299495842124588,Standing
7.368774923492458,3.127918227502626,Running
10.443705549933911,4.504438269204216,Falling
9.600200262729519,5.601020284374647,Struggling
0.7672791775156301,0.7413324431094961,Standing
0.33721249040628576,0.32180833094683364,Standing
7.55500993500109,4.577542038283578,Running
9.402839151968337,7.204940291992761,Falling
2.0358855002136957,1.2802919115858284,Walking
4.60564177574434,4.8953605151535715,Running
11.237478177747782,5.827491871046406,Falling
5.606859622743098,6.943736674499672,Struggling
5.4197248038720645,4.009537501154034,Running
8.01583977204857,6.254069560101216,Falling
7.888317341898229,2.9774772519814894,Running
10.6028975373352,7.533875199909712,Falling
6.077564287738844,3.8842862112559673,Struggling
0.7405095212183186,0.6055414761016111,Standing
4.676812206709007,3.0625816687364997,Running
2.940222667029891,0.6292036573235544,Walking
0.8918731300084098,0.22973181210444596,Standing
0.018081092205685434,0.3202638947286066,Standing
0.03722170456932916,0.7340805570095202,Standing
0.83629131310246,0.17237032582058404,Standing
5.891962374792611,4.05905509345113,Running
9.873800406680976,6.370152917594548,Struggling
4.2034136945432845,5.09067040899493,Running
0.30306576117510164,0.5105795320324892,Standing
7.713490207923167,2.696878264533453,Running
3.171080449087415,1.942419137649925,Walking
8.109683668783546,5.427171583285347,Struggling
10.164815063085193,7.313509601870879,Falling
0.06244427497392413,0.3071576071233242,Standing
5.512481645946064,5.1418597986278165,Struggling
5.808860400406872,2.928356910003654,Running
0.9644321795679808,0.5742964644415428,Standing
10.79335188511761,5.5282806472901465,Falling
5.246049196055944,4.848770842772717,Running
0.6311880780600712,0.13089319099404406,Standing
6.880952343848111,4.46936206110912,Struggling
11.394426207595119,7.610247398427811,Falling
10.913689949197753,5.607591017867102,Falling
3.3668262540469094,1.5853018599966329,Walking
6.572820754636826,3.33748358575402,Struggling
0.5095088732242019,0.43659974382354855,Standing
2.352595434806852,1.1635031870753232,Walking
3.4014894264253437,1.1130493434064008,Walking
11.485954167029554,5.3312011482676995,Falling
2.9343628940935154,1.307141996181667,Walking
6.2156226521133435,5.979002926519689,Struggling
1.87986948732204,1.1910682570224131,Walking
8.989851924932585,6.758331755936661,Falling
0.8057639182933313,0.6601989333217447,Standing
9.900027315984085,5.385034300930808,Struggling
9.99668139991752,3.7013369655074397,Struggling
0.569230212091448,0.7366166797088604,Standing
6.162210701555697,3.874614415756648,Running
6.555973689020046,3.8362325151234646,Struggling
2.431451155334995,0.8603675276964559,Walking
8.147118555585502,4.0276571387691735,Struggling
9.427081961397004,5.074946573095748,Falling
3.160405768691524,1.4960183421014035,Walking
1.885382189385936,1.4095791754745792,Walking
0.5257703366832255,0.574481390364818,Standing
9.138051306745766,6.871458263805421,Struggling
0.1062457084695605,0.1389373095634719,Standing
0.02784105126258629,0.19732515747582227,Standing
0.9918317924636303,0.21288636493543933,Standing
5.707161488775677,4.446205416627203,Running
11.000643331818404,6.926902987001654,Falling
5.7718040429917306,4.184315133799373,Running
0.3295304137739967,0.3524824912473398,Standing
5.761496892100842,4.1463395777890355,Running
7.915338422110718,6.8408722895312986,Struggling
0.522709454067601,0.018873574224636692,Standing
6.4962420963008025,5.9924226715499564,Struggling
8.820880349176287,5.163316651330819,Falling
2.122014007341775,1.8288831716651375,Walking
2.970502432613587,1.696005208474944,Walking
7.549766763009951,2.9119101254248134,Running
5.04909728725994,3.8082114406579377,Running
9.737825631620215,6.067395591271092,Struggling
4.723498097701345,4.704285434066033,Running
7.526541396701642,4.0455766784146405,Running
10.471466617648147,6.83050218175697,Falling
3.4088455606421477,1.8112533822231025,Walking
0.656815231088449,0.15856501218841573,Standing
7.695968970636572,6.875258762311217,Struggling
1.6272028727555947,1.3275319517096924,Walking
4.198374032880345,2.7840429715143853,Running
2.942448934997833,0.8455926072718466,Walking
9.38915389722279,5.428299828759361,Falling
11.532772211694434,7.818694773600736,Falling
0.8114659391516817,0.04428785355072762,Standing
9.426435651497545,5.414890607961382,Falling
3.0327025611147804,1.4869248668068886,Walking
5.796333570704453,4.889355308613428,Running
2.927915895729543,1.88698791437337,Walking
8.110045944044902,5.160317287688783,Struggling
8.507491312252373,6.5737271771174175,Falling
5.439157653527719,3.717436276600815,Running
5.969607036817343,5.010189058431358,Running
2.0539092362492197,0.5986973266928585,Walking
2.277349501341901,1.1655521705445018,Walking
9.487347138265678,4.590436402770039,Falling
7.121884553520619,3.1035256968666385,Running
3.466774440921145,1.7616609634083051,Walking
1.6695323088526663,1.7114388043444626,Walking
10.238467422578896,5.4777081682592925,Falling
0.6831755632398181,0.04186628584053027,Standing
3.191021621681121,1.6986232186579318,Walking
6.164509193247408,6.381319902754907,Struggling
4.837670683287417,4.11125036677031,Running
4.902658332208221,3.135394449644508,Running
7.839135145750859,4.5284720003603365,Running
9.992804032928143,3.0992688457805966,Struggling
0.08001826975767934,0.28757169748315486,Standing
7.7731024560557245,6.606524917945441,Struggling
6.10218942446307,6.70115277917262,Struggling
0.6693154163635017,0.7106177572092048,Standing
6.427892465097061,3.0654995583866835,Running
2.617906480540754,1.0045905851043642,Walking
1.6722322210127476,1.3387049846944525,Walking
0.24068158972588538,0.5948820140484942,Standing
0.33410465208656326,0.4174647002441515,Standing
9.178413331761824,5.405467746135003,Falling
2.9260285837234816,1.0494295793097832,Walking
6.416095419048338,6.525641329293,Struggling
2.147049227474076,0.7757193342227224,Walking
5.9496638311517955,6.274987241536767,Struggling
7.800579915046741,4.545850257311741,Struggling
2.9950259411649536,1.32464682689903,Walking
1.6570197369072197,1.8218871016445175,Walking
9.873849217102066,6.30241369962806,Struggling
9.504917513444765,7.739540532165951,Falling
0.8817089696385847,0.7535244698083362,Standing
10.007281502162044,6.031762059301608,Falling
2.441401998982123,0.5737225855177656,Walking
4.9995504257236005,3.5687496838113404,Running
0.38401907396495816,0.6835196106605442,Standing
0.2723153971810828,0.09400147216989865,Standing
11.076430974029197,7.65668350112111,Falling
2.6013809829412935,1.916695531823057,Walking
0.5201348477846849,0.37977690170257034,Standing
4.516260499316251,4.110577439507855,Running
9.233408486704795,7.543394091007264,Falling
6.42177794122137,2.671284281529652,Running
1.7036945302847655,1.5927409007711604,Walking
2.2425418410107874,1.2525487490096372,Walking
0.30570213581048855,0.4196004593751812,Standing
0.5408270639715397,0.6546885131161734,Standing
9.143365794653638,4.7488874787470285,Falling
10.223483256795838,6.948347546409002,Falling
0.8177884305894194,0.439461092148812,Standing
7.6233615334281115,5.557499202171102,Struggling
3.3137331546796718,1.3810548028633653,Walking
2.3141535587579605,1.5165223116765474,Walking
0.6019813529744524,0.5579582625314449,Standing
0.4105986972382666,0.718877528455176,Standing
4.758222034147762,5.176713746614319,Running
4.355093067824931,5.0949849286233295,Running
9.634975051234111,6.001216358227986,Falling
9.671874032055548,5.379172016115636,Falling
6.917661794906162,4.179152307784941,Running
3.1167156449961477,1.0820877113914356,Walking
9.467549856966588,6.027156891609588,Struggling
10.977768671350216,5.031930638659179,Falling
2.792730224247312,1.8099663098865924,Walking
0.06325340889867959,0.10536762816508408,Standing
8.037358769542847,5.0926320032239305,Struggling
4.173733428942549,3.2830851746075442,Running
1.9663751088432326,1.7966044807915966,Walking
0.5170062832097087,0.4236581445701399,Standing
5.406839271835233,4.130453285749043,Running
11.195794248286823,7.310630062686151,Falling
10.70815125952804,7.3112424313543265,Falling
6.963532826887942,4.485580936645016,Running
9.044292695167826,4.1788054795421115,Struggling
8.908830711328019,5.922422003803484,Falling
3.0969684858608506,0.9007478938819848,Walking
0.6614662053236519,0.7226188977911314,Standing
9.992794878246741,6.035337202110514,Falling
7.294977847649198,5.071087084991734,Running
1.8079264773330077,1.5580345552911774,Walking
7.956505744616224,6.547363611326428,Struggling
0.745733733681359,0.02812559363880114,Standing
7.146333883326026,2.5518641342900894,Running
9.807718614405548,6.229046597305002,Struggling
8.016424811589793,4.538546754174626,Falling
5.3783863829078875,2.9829532950621243,Running
10.835197059624615,5.1225792841122,Falling
6.190624216269994,6.7537905616416305,Struggling
3.028503196138791,1.6849617500251592,Walking
0.8618438232948299,0.38168785415514095,Standing
3.264411474453981,1.1508320727282193,Walking
0.40789423678019043,0.22992202707638604,Standing
2.6746955824860557,0.7613160126070865,Walking
9.79833341168105,7.429021977793073,Falling
7.996829195773763,3.3605399369416,Running
2.696374999877057,1.4027395229495718,Walking
6.42593298005024,6.1713601810941086,Struggling
7.798978610898821,5.080461658009578,Struggling
9.40648772807046,4.313020357109348,Struggling
9.350124627600827,5.544422538574475,Struggling
9.71932503005201,5.505401932069737,Falling
4.060090167922265,3.4381398854243743,Running
4.2189799290383805,3.56504579840874,Running
7.515667773741599,4.263743289542547,Struggling
7.000148179931457,6.113356916270234,Struggling
7.220373507198104,5.051740591919798,Running
5.641171211775786,3.498869843114255,Running
9.593915048436857,5.609195548364905,Falling
2.009323372864894,1.9972925817166785,Walking
5.490222690554699,5.107268664201653,Struggling
7.899026725833981,5.511455304008406,Struggling
0.5354133355114677,0.6307196247559301,Standing
2.978949307768227,1.139477440986052,Walking
7.8242071835871325,3.718627863347384,Struggling
2.8330516635707674,1.7113043830969896,Walking
4.523524554214304,3.206697803783504,Running
7.438011902499592,4.629355150671918,Running
10.081294504765543,7.913355873493855,Falling
7.244418265221272,3.0917279985010504,Running
4.497736831787021,5.386587628833974,Running
4.356038939584035,4.034576922428479,Running
7.61645464191802,2.969587640247224,Running
0.6704466652825093,0.2310715315820108,Standing
11.658997314910641,5.084325626620642,Falling
6.980965944689765,4.043357303204618,Running
0.8374508948347339,0.24789251952678779,Standing
7.995055221067838,3.2869413749897,Struggling
5.727674124583315,3.658297566512453,Running
0.7812906474056922,0.015520996494572349,Standing
8.13979367671454,4.100760847093903,Struggling
0.6338894618324419,0.05752537385315648,Standing
3.415533316352445,0.6165686275875882,Walking
1.901264180293147,1.5727051652167634,Walking
1.8593024359106838,1.3671081530186189,Walking
9.05590207883932,5.996276451574273,Falling
6.681540472068749,4.314417357919371,Struggling
0.4346781483164702,0.1542716871537965,Standing
5.06235039322944,4.801700182477669,Running
1.6502458203090185,1.3034900925921682,Walking
4.019537864081007,5.309983913754043,Running
9.432876164972292,5.022897859588203,Falling
6.637429549115376,4.032048953341548,Running
9.650026888955363,4.534269564029168,Struggling
5.933608946092017,2.834907788188185,Running
7.206157842876301,4.0881718640426,Running
1.9594325673664634,0.7993574238439081,Walking
10.515492577653221,7.169967658212677,Falling
8.209388713725252,5.3084275868482225,Falling
3.1023281343503175,1.0657681876763654,Walking
5.348453483650598,3.2328700483013586,Struggling
8.861437131418434,5.5215351196274,Falling
0.7550604148161828,0.537861447994913,Standing
10.461391362514297,5.941812920142922,Falling
11.4640927627225,5.102590409934272,Falling
10.263554420407036,6.654434181176127,Falling
8.280895181113435,4.528949280057965,Struggling
2.896141092806803,1.4572098537744038,Walking
4.374080494391638,3.7813373392580023,Running
0.05345871260481816,0.35655343219739716,Standing
6.586295871784338,6.0652162844756,Struggling
7.028756478727878,3.4169454905085503,Running
3.234304302002244,1.5095122494330155,Walking
8.289557593057241,5.516288743701072,Falling
8.55447165230271,6.893466264609149,Struggling
4.971781446748176,5.225095781239245,Running
8.028386129979548,7.367893808382725,Falling
0.6773006863356594,0.5621036611503326,Standing
0.5089417810092862,0.2552351438982459,Standing
0.9330776530661451,0.6965371745714566,Standing
8.505856981614285,7.448940755128135,Falling
3.200858975357856,1.1214905210303114,Walking
8.302521455338198,6.519724158289959,Falling
2.593229879327342,1.1540704611778687,Walking
2.20715024726455,0.6987034310267821,Walking
0.1941287704459722,0.42928600741101947,Standing
3.1699135501042335,1.7638017625277025,Walking
7.147239485393513,4.88282378926375,Struggling
9.734514497302584,3.962850342654027,Struggling
0.08337905376875954,0.7428062015550229,Standing
5.617964257807637,3.8668768460656007,Running
5.3824806756031585,4.364521933414252,Running
0.6613501398769954,0.3135984351113188,Standing
8.833841781691678,4.402570765828587,Struggling
6.730542500822038,6.343553632504969,Struggling
10.703570491320843,5.370538878267186,Falling
3.1118116850668827,0.9195107848196648,Walking
6.83650876594375,2.56317335066896,Running
3.305084229685906,0.6099587271705798,Walking
8.912663655003623,7.090062300553745,Falling
7.838368590436936,4.877987430254851,Running
5.381512270870398,5.930800735483228,Struggling
9.53392449030017,5.032798748709034,Falling
2.0685765781909184,1.3786674063965714,Walking
2.4084288395304947,1.795145021782651,Walking
7.987230850715417,2.9610524074217404,Running
9.064085506915207,6.567855562134277,Falling
0.646046944096596,0.12048876245481531,Standing
2.8764378388154714,1.6775102543123932,Walking
1.7709890378576896,1.1713549257619582,Walking
7.636275749753386,6.719481929175516,Struggling
2.4808981934718997,0.6796201827507978,Walking
2.410248462065539,1.3338680256114805,Walking
7.643296881321584,5.329930335622449,Running
5.134982039841824,3.8097451652254732,Running
5.655073093252328,5.403828779989989,Struggling
0.3880987353441572,0.19383466336037325,Standing
4.731691703848339,3.5951427000778047,Running
8.077785033678186,7.905365722332146,Falling
7.518458806187223,3.7305005210124045,Struggling
2.6134185131057075,1.6074432657174615,Walking
9.731068326832775,6.1946457441290885,Falling
8.131791472982119,6.5654459207428975,Falling
0.6185851490721154,0.24787769340262394,Standing
3.4891883744438803,1.222979280239609,Walking
9.809256140205342,4.651096018020295,Falling
6.369931975606386,5.0067151152719465,Running
6.6169199119994975,3.3262897109184184,Running
8.80559641117555,7.856584615905381,Falling
4.764842070986967,3.4382233485652005,Running
6.656402684591564,4.084142347011397,Running
7.079568271487547,5.881333476663972,Struggling
0.4080404616028166,0.15302189682991765,Standing
11.150707361343017,5.58862833541118,Falling
1.521596784779024,1.551516900642561,Walking
5.612407084251486,5.136144452818627,Struggling
0.410023786741743,0.3855959341862937,Standing
2.4574034411386645,0.758523821217445,Walking
5.130669442164637,3.882606205808956,Running
7.671034570540643,3.092346451273395,Running
1.752566945169138,1.9186647458695207,Walking
2.4433263655703206,1.3574415400417483,Walking
7.734372574805006,4.659878618108438,Running
5.385721870430305,4.224783681928325,Struggling
0.10395937591238957,0.7698922531636228,Standing
5.081394361982337,4.968280729096996,Running
0.31845196680580434,0.5847424287464267,Standing
2.661937173263185,1.5948336765553965,Walking
7.458165366328334,3.9986993901277983,Running
0.7111218170152859,0.041572878504944205,Standing
0.45825331476504794,0.20993286535697156,Standing
7.415070564219752,6.547326157875837,Struggling
0.8077392932007145,0.28511239943992334,Standing
7.847552954902832,4.45780604564632,Running
4.842113953762452,4.004324421093732,Running
3.4628951908582586,0.7021208976963611,Walking
0.7712248152904037,0.18248030232190812,Standing
0.5925681827648268,0.30393943276961166,Standing
2.00953517265724,1.8717892307030841,Walking
0.4864050355361782,0.4039462432715201,Standing
9.048852019486311,6.546461955957422,Struggling
8.524319446818811,7.181549855539723,Falling
6.93723995593243,4.407818730224301,Running
4.330953213948286,5.245250000074225,Running
0.183579627355146,0.20221268796093128,Standing
0.3831644685591258,0.6357303139183113,Standing
4.683073040013348,3.3016296864582224,Running
2.723311351292028,1.348620959826719,Walking
1.7023276230350823,0.5169988898067313,Walking
3.4467885828720863,1.1580270543496902,Walking
9.209106801985794,7.6327981046821005,Falling
9.29662475535238,3.4400708845101744,Struggling
6.246337443867633,2.719427528434852,Running
9.138751046177086,7.606629153228843,Falling
9.893739734376195,6.64609626260091,Falling
7.014722062171962,5.40433670921835,Running
10.127731910211166,5.495791859098555,Falling
0.48010782795228635,0.42829669811071547,Standing
3.124827315247801,1.7800936003054124,Walking
3.166419375915603,1.8941113491053103,Walking
0.32066275473643224,0.44187041076440225,Standing
11.928540737744601,7.940569993267255,Falling
7.222399889888955,4.025169501476871,Struggling
2.8399069817184364,0.5006023160380098,Walking
5.957448074540597,4.544945581196359,Struggling
5.282848659937176,5.391748036219566,Running
4.589810401899605,2.589208783883808,Running
7.50003479897588,3.4043685592320037,Running
11.054412268352054,7.974092015035811,Falling
2.640625015653008,0.5803648394111118,Walking
0.8810040848147078,0.42199675564660927,Standing
2.5081401594968487,1.3173225290440902,Walking
3.3968503110829857,1.7636961602533627,Walking
9.809324371739994,5.189625624004901,Struggling
2.4855626917299114,0.7410700237864785,Walking
7.583171491578824,4.459561567473438,Running
0.3641210568415054,0.5115091371632784,Standing
2.3606328560847816,0.9120575492107155,Walking
2.839939848193313,0.6079712276949826,Walking
7.331976554212002,3.3927121493224464,Running
9.60957425925772,5.030101678401451,Falling
6.106379770359157,3.409843078196336,Running
8.26562141384199,7.962723299147138,Falling
5.770943710825833,5.346748654566145,Running
10.128347295752045,6.188246730039635,Falling
6.039218607098245,6.253627574258719,Struggling
6.646364263837062,3.2090097708062535,Running
10.293967055563908,5.253353371753338,Falling
1.876770018669746,0.5843700414727587,Walking
6.761544421045891,3.9362311000699965,Struggling
9.074000304789982,6.789825229808613,Falling
0.9440412782809274,0.3170218099933605,Standing
2.525152431848423,0.9016614719061762,Walking
2.739136449557319,1.513298552930085,Walking
0.5566820526817535,0.5166074338090447,Standing
0.4962951255006397,0.4355690657193349,Standing
4.303974025263328,4.5363646667807345,Running
3.391549434016922,0.7956590582354783,Walking
4.936796239152361,3.3089031976576124,Running
10.162443977298917,7.473600612438603,Falling
2.9633591975749636,0.7312212865045012,Walking
2.6582596080700984,0.7836164806675232,Walking
0.6741869488296138,0.5066151338699911,Standing
0.42253938022385484,0.23867019486999902,Standing
1.657395350390798,1.29096634346359,Walking
9.003948825264283,6.89202070468871,Falling
0.4309830628472584,0.1398293720361264,Standing
7.365358876024192,4.23929937230282,Running
5.301673122730431,2.7842167443380323,Running
0.2862590353831832,0.33904654813885937,Standing
5.9158476371414634,5.357142911451405,Struggling
10.95571318452382,7.344144236808601,Falling
3.290067717706874,1.5290363359038366,Walking
2.1027835915327184,1.4389758708769305,Walking
10.28963090387106,5.915818335603823,Falling
7.925389081866081,5.052680065322257,Struggling
0.9706680277938705,0.1405721966694607,Standing
1.6790403935936846,1.1506674116107305,Walking
6.270736400639072,6.300539502645677,Struggling
8.43955045727662,6.455819288038042,Struggling
0.18180846566694975,0.0687283105622564,Standing
6.46501616228325,3.8315679734217083,Running
9.561505784187815,5.95521180346378,Falling
0.5543007058479525,0.42171870530021177,Standing
9.238527240011383,6.823070262428784,Falling
4.864503993395049,3.050216045829219,Running
4.841488326119343,2.5691412652198222,Running
0.520456092139383,0.68864869014939,Standing
2.0592028652902634,0.6911121075431435,Walking
7.101327719543664,3.852118174751157,Running
6.5790269063603715,3.5189818614443285,Running
0.842371333818322,0.6084852651120495,Standing
10.603311801957313,4.9069578810250825,Falling
9.463056640220735,4.834599592324304,Struggling
0.8713335923402825,0.7991237598104615,Standing
11.934927415988025,7.862501630844361,Falling
0.9962968042452258,0.6764409563975198,Standing
3.3276290452498882,1.0524432014835643,Walking
2.267069024867954,1.754930315551487,Walking
0.6141688503188927,0.26731441790708976,Standing
6.680801288722599,4.233876850330745,Struggling
2.6651378184296224,1.5482505056690492,Walking
10.669662122135325,4.54467899281264,Falling
7.233697626556964,4.371866078800313,Struggling
6.901912136061948,2.7431786916328096,Running
7.018233472467389,5.714640375307589,Struggling
3.126299976727628,1.9367453262129148,Walking
9.037389678259544,3.4374236124379154,Struggling
6.684238507235763,5.277929552546367,Struggling
4.850907864521092,4.310757362974616,Running
3.2006354163151975,0.8192751290575362,Walking
10.02540221312325,7.900307248814487,Falling
1.7595659314452226,1.3352275404174614,Walking
6.725840461701088,3.2608468829156925,Running
6.245911774946707,3.0578009226231537,Running
7.469245978540501,6.846408102299515,Struggling
6.437871053466488,4.961729318001549,Running
10.19707397339377,7.119262917000169,Falling
1.6127637077064632,1.0540739713738776,Walking
2.8155775600723723,1.9386684379944408,Walking
5.4193828937226325,4.3380530340238215,Running
2.0480831794085517,1.7689478841478001,Walking
5.037796684272305,2.753946260753887,Running
0.8359354900165079,0.11890657246230801,Standing
3.1808855010920403,1.5519400131325762,Walking
11.306969714303426,7.407685860081662,Falling
1.883746368809003,0.591824987215358,Walking
11.956866733682345,5.08390396732592,Falling
3.0590633636478657,0.8788790100270862,Walking
10.815746668138061,7.8098573796778155,Falling
6.002323557793195,5.066766682226691,Running
2.761177394617087,1.174398359011606,Walking
2.5851509050711603,0.8495669424003087,Walking
7.286142311558745,2.5857127531720314,Running
5.566935477762863,5.88246516265486,Struggling
9.470497680530796,6.679483736522171,Struggling
3.1412831207089575,0.5565460856340059,Walking
0.9513963724844156,0.49785330979884146,Standing
2.9926276251381534,0.5125320562582079,Walking
10.323187319413902,7.000356467130523,Falling
0.7054966519346239,0.5374234162038928,Standing
8.600508272695706,5.703969959025361,Struggling
0.5345545447560391,0.5401039086755358,Standing
7.298505411203571,4.325050139595036,Running
8.768065003871795,7.439993781353801,Falling
0.8501719452050476,0.798066074356778,Standing
3.480445069230148,0.8141100709249004,Walking
0.2313141822622935,0.5878804163996809,Standing
0.1766823141763052,0.4641828257593134,Standing
3.3288834589746767,1.7609489672286878,Walking
1.9224165171759033,0.9697730760554527,Walking
3.181207245546384,1.2093189833158176,Walking
10.554174909607653,4.677088987868036,Falling
9.856099559427472,4.752134626790587,Struggling
5.461345022813814,5.918067714292489,Struggling
2.5268689942516405,1.475909784878155,Walking
8.582270039332943,5.921384931758952,Falling
8.753345071408274,4.954419703511939,Struggling
2.5546393591997196,1.8295529706433113,Walking
8.33675581525198,3.1753874099865196,Struggling
6.49325773503623,2.668999833397719,Running
5.80009695811121,3.49807053907801,Running
5.42309633680264,3.1386827639799804,Running
2.5291422325356008,0.8002313168740502,Walking
2.8708810447425828,1.6685080908860566,Walking
4.589812037064718,2.7197368123221706,Running
9.059545574799523,6.231752120057134,Struggling
10.865301373904112,6.842848982844542,Falling
5.782134594108095,6.399749965618895,Struggling
6.49506339804673,4.266392241642276,Struggling
1.562891910117895,1.589745119506134,Walking
7.48387039945017,3.5270022473829723,Running
5.873054584911309,4.289041575277938,Struggling
0.9863281735601263,0.4100840424172704,Standing
6.997261420569737,5.394071436485383,Running
6.33449644049386,6.718022821472595,Struggling
0.5298756255182061,0.4919224116535489,Standing
0.09365745260747449,0.6144715027349332,Standing
0.16939649963157855,0.49665504280471345,Standing
2.639042557364065,1.6075269156817922,Walking
0.8824701949431355,0.46591640672680246,Standing
2.856245003073293,1.121644718700555,Walking
7.5902487738126405,3.2939485149962846,Running
9.983416389673398,6.00316092471915,Struggling
0.5603989538199428,0.5558620634625008,Standing
9.360864953821338,4.522838936501104,Falling
0.01585354537356698,0.07358760853663995,Standing
6.8337603821297,3.948281564696712,Struggling
4.2895055727764895,5.362394924713218,Running
0.6952584007554335,0.11371268287833419,Standing
9.927620666276091,5.2162335338408425,Struggling
0.17740947012118236,0.08770902602814915,Standing
9.641678860028108,3.2191481916941953,Struggling
0.7075354377454437,0.37015026535026163,Standing
10.109825854886928,4.993941414047627,Falling
3.1202801814909225,0.6313618444793574,Walking
9.573082272575958,3.834607652633724,Struggling
10.319336953124362,5.068804756649904,Falling
8.655726883812811,7.075837461803124,Falling
0.46339100880464623,0.47954443362209737,Standing
1.5928673109656246,0.5205997821238675,Walking
6.649487439651014,2.974849152098121,Running
3.130709247711123,1.8339781398924793,Walking
2.6300650499518996,1.5045259586949087,Walking
3.2634346127907925,1.8377303171099193,Walking
8.058136541063963,4.783323957078246,Falling
6.957685498008146,5.8532869180050895,Struggling
3.4651578459844092,1.291751056341911,Walking
0.10294614470028618,0.5752182563468808,Standing
9.289585361217839,4.194191703928656,Struggling
6.671076686300573,3.102969638988865,Struggling
0.6305592343457384,0.5996795528966098,Standing
7.591091578179637,4.822006780876881,Struggling
11.51681735034153,4.545535746990555,Falling
0.852430417569119,0.40023829951519363,Standing
7.907124474345435,5.19573009799735,Struggling
11.818560642864925,6.612534364930719,Falling
0.7271311968819275,0.0005734869652638253,Standing
1.9671608684447184,0.8952101685407723,Walking
9.931749614720811,4.260866949509144,Struggling
9.524919811099506,7.967493955180867,Falling
11.418274656130563,5.399333048279645,Falling
0.23922321366585797,0.3321710053474646,Standing
0.10339493663004151,0.3452064958781139,Standing
7.933231638874625,5.497490791694441,Struggling
5.351840539530147,5.524136702848196,Struggling
5.524587528138943,3.735556849433491,Running
6.226929231036872,5.064221855775936,Running
11.776379143721458,5.675811536826268,Falling
2.2847642018654426,1.1078226849489181,Walking
9.65386306684064,5.221709505656226,Falling
5.79143128029549,4.822643286212368,Struggling
9.529250960493979,6.354196828099172,Struggling
2.636638302155851,1.1592616706713277,Walking
0.13174379963196414,0.5441902030750264,Standing
8.072705091106577,6.328649814916473,Struggling
4.473846820377927,2.5409195375076434,Running
6.79196188599117,4.870779711825081,Running
0.4956539208832471,0.3368951235472653,Standing
8.307239083065506,6.527613139053837,Struggling
5.159522718135438,2.5435452835828265,Running
9.609099069725733,5.8112722665519,Falling
8.774868203105191,5.710399996083579,Falling
1.516902992124921,1.7588119295591884,Walking
0.7491578231765317,0.26301942999407263,Standing
2.5710438321719273,1.315393362366938,Walking
5.7429374273732305,3.172820254725716,Running
1.5895367773769737,0.5810714410245899,Walking
0.09382187239544315,0.4100671225060084,Standing
0.10466063390789626,0.6581183417551115,Standing
0.9449670636400761,0.38544275403115313,Standing
2.50714014880711,1.702463884747051,Walking
10.83113591344993,6.1905414944193256,Falling
9.91340024361217,4.596437402298917,Struggling
9.424633734224834,5.308081606762233,Struggling
0.7816870977663974,0.6071966099925822,Standing
8.178644865515595,5.583457555295757,Falling
3.122174492400517,0.6313633601242621,Walking
0.669183652199143,0.5859531673043594,Standing
2.8594515920035164,1.4135434170603738,Walking
2.8611661858375346,0.6818973400387051,Walking
0.6435762227398202,0.08646199493311064,Standing
11.887803381039223,4.6314331202101595,Falling
0.31410981908937075,0.5067712953886181,Standing
7.4539658018512736,4.817567775287634,Running
1.689907294836662,1.5922750357827233,Walking
9.887114738568739,3.1494117457422197,Struggling
1.743778424160718,1.264635600351307,Walking
9.991112253045252,6.555370046954128,Struggling
6.591289219297742,3.128603871850377,Running
2.262817619806247,0.711302905926292,Walking
10.915482037954384,7.761694564091096,Falling
6.728651260964989,3.6855932492990098,Struggling
6.412055453458352,2.67139815802999,Running
0.82645365245498,0.7310120026430389,Standing
11.998965089032371,5.35422403838538,Falling
9.25973290983573,4.951426177745079,Falling
11.591592419097008,4.949804839554408,Falling
8.441653811663384,5.4165225154261405,Struggling
0.8951000290662443,0.7861219291948554,Standing
0.25921533377198647,0.01514211240917076,Standing
6.064991292800242,2.9612479363087543,Running
2.3216180020193615,0.5275574818071567,Walking
8.545903518972024,3.8013592843857693,Struggling
8.768903005432076,4.78885496317514,Struggling
9.931240373313482,5.630748739420129,Falling
7.266308862629298,6.16875975310098,Struggling
5.684911111547639,5.74746597493964,Struggling
6.370058901927738,4.2593646216349415,Struggling
3.4222365360432807,1.4410948329737696,Walking
0.45532874980860216,0.726750038297812,Standing
10.941746375568744,5.5622368112615534,Falling
0.09575419866335766,0.7380579239246401,Standing
2.3092900568801986,0.5936712967962612,Walking
9.029461833606536,6.927284429662121,Falling
0.05648342400348205,0.538284030247753,Standing
2.7733858287158837,0.8318567297100254,Walking
7.213053602508513,3.3160077211929693,Running
11.576365477031382,6.242542131800117,Falling
0.33646116257721226,0.47132510191503063,Standing
1.96016898371495,1.1091231988396566,Walking
5.053361439244171,6.106229887140881,Struggling
0.3534774751283788,0.5137677096021579,Standing
7.1755826207780675,5.123243662589435,Running
5.494843117043534,4.085525580318338,Struggling
6.133913903625171,2.6582698444962727,Running
2.0365520409071136,0.5614673333748357,Walking
0.4509865026483437,0.08060227516766104,Standing
0.4716085707410923,0.5687903531709464,Standing
1.725593837733154,1.5588236670225823,Walking
10.60993891362463,7.208302619991619,Falling
0.33631272750495556,0.18758720542653595,Standing
2.155542411682438,1.7901102784846892,Walking
9.028474015994778,7.820289283160467,Falling
0.9380538535539297,0.1225078404835231,Standing
5.9245027672673825,3.5001035143496884,Running
1.918643632094034,0.8613170955582241,Walking
0.41484685030159496,0.5861787323306452,Standing
6.6560415116426075,4.129994906483859,Struggling
6.438114039016254,4.255584356178561,Running
5.944230167610724,3.441346429917186,Running
3.0553607525497855,1.6082020749022845,Walking
2.8661391503802482,1.4910910896637273,Walking
2.331548627163148,1.7755653789495585,Walking
8.95883631296978,5.804117862519779,Falling
10.343452202111687,7.916274163653815,Falling
0.32018621940405534,0.730755758780472,Standing
4.764207474834731,3.8222648303239533,Running
1.9951290162835693,1.7110184318005528,Walking
9.555405985896465,4.665954726490297,Falling
11.642572063338182,7.86805262189284,Falling
2.4896569132428406,1.6134653683005866,Walking
8.423865791395993,3.50176713780208,Struggling
0.018060219759960527,0.38618270998142673,Standing
9.12185289681861,7.0588604405124675,Falling
11.307228451124132,6.582337210732836,Falling
7.957362551358495,4.537475037230671,Running
1.5576726538434107,1.0072099827257126,Walking
6.311524656922198,6.355551596503098,Struggling
8.934436128144947,7.22430166590922,Falling
6.244604586687824,3.925891221469767,Running
10.725842450068685,4.722375028483715,Falling
10.462904213780691,6.918329781937846,Falling
0.2878795033348446,0.09621677050288549,Standing
5.611104537393333,2.608621784462155,Running
2.91736167702381,0.6716572452752722,Walking
0.9210694862995814,0.2567483506555523,Standing
1.9832049240800798,1.5083009953476683,Walking
8.412587043513444,7.800572483760076,Falling
0.18125025555155194,0.5696063689585301,Standing
8.504780364104946,6.872632214736307,Falling
0.9627848079807322,0.10132469827775514,Standing
2.461883216168607,1.0644677254324963,Walking
0.10816938755075933,0.7893574368643391,Standing
3.132067004604137,1.7038411222274419,Walking
0.29845066114776053,0.5104741806371619,Standing
1.972015860647424,1.59577198103949,Walking
5.282006788803953,6.4731880726453115,Struggling
1.5036240677385033,0.8357271290846433,Walking
5.155239879816358,2.947804038007742,Running
3.3722511430802693,1.2802403345365936,Walking
4.078902985852702,2.90554916251429,Running
5.340034279830784,3.1218475676492066,Running
2.201474596808618,1.6366024167534405,Walking
6.447913523353636,5.308798985690245,Struggling
0.683592425221869,0.0022737229311779574,Standing
3.373898507817391,1.065877978573543,Walking
8.855191851224273,4.740922872037696,Struggling
1.6170732001601003,0.9581202478141271,Walking
7.243312453449084,5.442958908396049,Running
9.490619173564394,5.926417362077873,Struggling
8.42450167425961,6.910257682925365,Falling
10.906417749327476,7.750552792470675,Falling
5.962908162292639,3.390475042140596,Struggling
0.34186560176235037,0.1346083554704033,Standing
2.219086289040007,0.688703504519077,Walking
0.5251408517696297,0.16239484735295778,Standing
7.633796438461076,4.297003495407882,Struggling
8.513691496447935,6.1708136231230055,Struggling
8.196610514898842,4.518599592042017,Falling
6.7093673843260655,2.5732806488218998,Running
7.266308416908616,5.737314601821067,Struggling
0.21613581231092072,0.4726975383794068,Standing
0.7978023722086077,0.7371661889732244,Standing
10.864595115502778,5.214835171994525,Falling
9.651357591035627,7.509490716172926,Falling
3.4620589782301523,1.420561954315621,Walking
5.427997764113842,3.73383153903546,Struggling
7.606022477805213,2.6042198423343446,Running
0.013949018691911452,0.5256950712490187,Standing
9.920504916056837,7.354829392851218,Falling
9.369900876745216,4.877868568387925,Falling
7.944680112812739,5.082621414936446,Struggling
6.0389420400157485,3.7673373700926374,Running
2.717595920360787,0.7689443528900727,Walking
1.5502794515126284,1.5843960083579054,Walking
7.187392707088493,2.8827044540928526,Running
5.089789318750755,3.2980418472745603,Struggling
9.847196878379393,5.772838168875471,Struggling
8.373191421906974,6.3230591282221,Falling
11.36575903982498,6.661931051660067,Falling
4.831082517758913,2.5608409446837426,Running
5.036140576413389,4.626030159896521,Running
5.2016508052575645,3.804546170361509,Struggling
0.33774799673484723,0.3347595977403665,Standing
0.6164608782287975,0.7887381271760142,Standing
4.116682674296298,4.315304866711452,Running
7.719434002002243,3.6442460313500695,Running
2.9934866155963196,1.7866483225586633,Walking
0.10539693482914003,0.1477209967149581,Standing
2.3824593381834336,0.5975011834233328,Walking
0.6725224042381394,0.5634072596019357,Standing
9.321153011307786,4.858331057756985,Struggling
9.015378211688724,4.727220403143648,Struggling
5.593601866437698,3.3537873836077554,Running
0.3353382383482103,0.4863674806658736,Standing
7.286310767043352,4.1634673429635125,Running
0.02667676260887253,0.009940475035145814,Standing
3.00597238607837,1.7167439058186984,Walking
11.487940384979828,4.843202469968602,Falling
9.150163418140373,3.197094614331086,Struggling
2.4794080637157103,1.6438566691873293,Walking
0.28192955175156076,0.4246872274307807,Standing
0.15853615849992353,0.650154434700626,Standing
2.22354001154596,0.5155183947090499,Walking
7.5856044405666525,6.054441918456634,Struggling
3.0797292420710773,1.4275194605681862,Walking
0.15633143839283858,0.34962698035981665,Standing
2.9870885392745894,1.3711057096960277,Walking
4.6830411338015425,3.180511306976485,Running
0.160603146429649,0.27254833885984125,Standing
5.853387176511168,5.651625009378263,Struggling
11.31867472106038,6.468324331345407,Falling
10.81237561503773,5.520194478948878,Falling
8.360782800800978,6.621052508678051,Falling
0.7462543451462883,0.14048011176681394,Standing
0.5776614367196636,0.28625062376208765,Standing
