mfcc1,mfcc2,pitch,emotion
0.9593085973720465,0.8366869579732328,304.5783700190938,Panic
0.13900466011060914,0.23899863008405067,103.48501673009197,Normal
0.5334271527847555,0.4857167044804852,202.54442364744264,Anxiety
0.34247746304049853,0.40811066020010545,112.74034664069657,Normal
0.6980528898228043,0.6043703774069291,200.58265802441406,Anxiety
0.20798625466052895,0.27280728504951046,136.71117368334276,Normal
0.5593331326427231,0.7921266556524378,193.96628042581824,Fear
0.7070351922786027,0.5599021346475079,210.85406630481668,Fear
0.566690723311995,0.6649851016840801,204.015376929389,Anxiety
0.11626289824631988,0.43722138431333335,157.93792198447358,Normal
0.6270833005079832,0.5047898756660643,193.85362953732894,Fear
0.5600381234349003,0.4805095587111947,194.7588455055635,Anxiety
0.8346729307015545,0.8782121215146482,262.75652614516434,Panic
0.5279277690223527,0.5800170052944527,197.335513967164,Anxiety
0.5562626584911118,0.7526854323784996,206.98524800218593,Fear
0.7289654700855298,0.6793699936433255,235.312454101387,Fear
0.5926109936013498,0.5802085650064559,218.05860121746747,Anxiety
0.1971693224223705,0.267837257943474,149.72425054911577,Normal
0.7430510614528276,0.6821102743060055,196.5599509213526,Fear
0.3005492451885099,0.21863766091994272,159.21321619603106,Normal
0.5487203795438924,0.5233720436795095,170.70399113575422,Anxiety
0.9413714687695234,0.9458014336081975,303.9889242680162,Panic
0.33157521962833725,0.3627692563754861,154.89758053262685,Normal
0.25582453170688946,0.2827245062131623,103.81350101716141,Normal
0.9337682505327215,0.9331844713234994,291.3908451395409,Panic
0.7274425485152654,0.6416644775485848,187.17565475629812,Fear
0.7197827648532168,0.716518856349462,194.15909518493734,Fear
0.6487591192728782,0.6568198488145982,205.65246110151298,Fear
0.6378673003731541,0.5605157607006188,233.74581574041116,Fear
0.17858899526908167,0.3271426727911757,154.45398843556558,Normal
0.9208834758555635,0.9079682182603347,264.21428573143385,Panic
0.11924497745719825,0.272437863228442,109.67327723524026,Normal
0.6748708096267586,0.5886901057513142,186.32965558981624,Fear
0.6509180192247785,0.49664251472150894,214.6279499244989,Anxiety
0.8648690042010548,0.8244175909401347,274.9408486653882,Panic
0.5720103849055354,0.5683805487625825,205.6264673175754,Fear
0.5381422140835422,0.5261953145395073,178.2327926571471,Anxiety
0.8834822006297558,0.8444215620941461,258.3905757133578,Panic
0.5110313805619435,0.4920727605432326,180.9382109786535,Anxiety
0.6257547397237945,0.5409074005948235,218.58910413604804,Anxiety
0.5117190157096503,0.6240760682099471,205.6135294962221,Anxiety
0.17121012359436688,0.2092217368386332,136.5738600387938,Normal
0.6322074026636463,0.5099152198701645,200.70427488160098,Fear
0.1598904726667431,0.23622371802280578,129.36716561665378,Normal
0.588223272267832,0.5981741809698484,174.04266631663577,Anxiety
0.5094093859980999,0.6320540871529648,188.38915663596265,Anxiety
0.6958557852237107,0.5497061106111383,210.8215936609692,Anxiety
0.6588256238973095,0.530195016242934,179.32592551999272,Anxiety
0.31458970120342994,0.2814897263004712,113.2144628539329,Normal
0.6524186116598563,0.5679487325593814,218.71036742456698,Fear
0.685130816122401,0.5493930052718805,195.887567526374,Anxiety
0.4843802360364983,0.5352665877625646,175.67367606202944,Anxiety
0.9082895947655132,0.9391568798690164,265.998501525811,Panic
0.6543055500503039,0.5888002028998656,196.48252891780032,Anxiety
0.7492507399515849,0.7896258053866381,213.49760721642585,Fear
0.608275364318317,0.5347574477621752,187.46047873063304,Anxiety
0.6616652855595764,0.664081072969523,190.22540635610952,Anxiety
0.2605079115385719,0.22103499124876222,109.69772284567682,Normal
0.6837976509428457,0.6742059864309364,202.33696599370458,Fear
0.26587544227701393,0.20126539596155468,109.64848308504992,Normal
0.6471227507172453,0.6345272428958743,239.66744775664924,Fear
0.6280448053368839,0.5093122718742,186.2699849079634,Anxiety
0.541617196145715,0.6360426307641406,206.04699621260647,Anxiety
0.5920771508338679,0.47341869195702313,188.38579015297168,Anxiety
0.8500923637211169,0.9179741695121088,318.5225000792506,Panic
0.9784093110354226,0.9262277251994526,305.63679124791537,Panic
0.679020672406113,0.7006772178989299,231.8500539043142,Fear
0.6306130288153763,0.5201930906102139,171.2157983215727,Anxiety
0.11090094293860844,0.44863762769933524,128.19667083945657,Normal
0.7329728780440897,0.6110476100766333,180.92739699173205,Fear
0.5326875761676284,0.5881912417088725,198.61462345854193,Anxiety
0.66325236386684,0.5236122230173964,189.25488643009626,Anxiety
0.8536949713780314,0.8970559748552631,276.08808069658346,Panic
0.7372309548321562,0.7088089390024919,214.2036702053619,Fear
0.50222967940384,0.6177858792060127,187.9323390648082,Anxiety
0.9036659304727473,0.9754746143855911,301.8538032427943,Panic
0.1341553328605072,0.37722774922752966,133.16919861447445,Normal
0.7118722310957027,0.7430340184037543,232.02433911480622,Fear
0.1203985451000601,0.2012962156934967,137.67366489691815,Normal
0.6124909826944412,0.6254917193144258,209.78963347180505,Anxiety
0.671654287237665,0.45690419296842616,198.94324477537793,Anxiety
0.5945700352490435,0.45898556844918553,193.279900906623,Anxiety
0.9963681776621063,0.9677867004138727,310.22832328181727,Panic
0.10933704718730361,0.4056501401649146,121.61143848467577,Normal
0.5316628104490102,0.6569672509468971,183.5771457909871,Anxiety
0.60572261895475,0.471336866248442,172.5840860584304,Anxiety
0.5528384762641696,0.6248780526917984,176.91765462089006,Anxiety
0.6939630198656336,0.5790750870752988,186.1478236470623,Anxiety
0.1997052253611986,0.30838018439518555,144.64255857994692,Normal
0.5550701486830916,0.7887945244033776,230.15880723073235,Fear
0.2721249751913416,0.2145483988771109,154.91282365758883,Normal
0.8500485796329191,0.9098453329412242,300.0217145890044,Panic
0.6836534993349274,0.6095676484608376,195.83481287132832,Anxiety
0.5885885131278501,0.6029301865585881,190.9800031213895,Anxiety
0.5915093026235191,0.48966161191062274,176.0082323902821,Anxiety
0.12901816012672906,0.2115006605054382,102.4437281391382,Normal
0.7459021057243017,0.5525990809668015,181.029666109905,Fear
0.6483231750233664,0.6420415312341697,190.3921121946009,Fear
0.6799547365285527,0.5144176772591101,236.94874389548315,Fear
0.46132600244301114,0.5436531536566178,201.2929957857118,Anxiety
0.6502079767830519,0.6618132345200187,221.03782616388847,Fear
0.46764218685010744,0.6106048195515789,171.3255655270811,Anxiety
0.6091008993615028,0.6502373236705998,203.8584171191491,Anxiety
0.9286576436884706,0.8916505780983034,288.19317525211545,Panic
0.25648491752539315,0.405106710942817,139.08908631146727,Normal
0.8391582269578594,0.8138722601750331,257.05446009641986,Panic
0.5577926264620467,0.6854761653013679,200.19325289332357,Fear
0.6137951260587523,0.7534625932908364,181.39631614414955,Fear
0.6021389056471806,0.6488112362880218,221.57342152151637,Fear
0.6757885693559769,0.7632416040581159,224.10426262823313,Fear
0.3418951378800619,0.33699297081202184,125.40825653848711,Normal
0.651708684816816,0.6976262855001683,190.63088384557133,Anxiety
0.6000032898432209,0.674163203703173,232.02699643258333,Fear
0.6646031879607529,0.5572485068437546,207.54355338957487,Anxiety
0.15955903810099487,0.2944322215440737,132.0596484118338,Normal
0.6566143665269354,0.530012400257653,214.77616142481003,Anxiety
0.11337132418684223,0.43963537422079957,150.82858864573538,Normal
0.1798284093976037,0.4375154917627012,157.03642881625336,Normal
0.8986051315543611,0.816656882239052,256.41929030809365,Panic
0.532166136342479,0.6181296140192596,207.618726471884,Anxiety
0.9562592100942405,0.8226929204034896,315.1650373981105,Panic
0.5615117520033289,0.6648586646971206,206.49183008240263,Fear
0.9091831540329978,0.9411662967757389,317.8056360781894,Panic
0.29037765792936804,0.3545545158290653,106.06736056736742,Normal
0.8852182950093882,0.8445152835142061,277.76561213679764,Panic
0.9412484454312993,0.81626975612838,255.93863998596345,Panic
0.9162610834453565,0.9726277043978008,311.62519780468915,Panic
0.3368121443459646,0.44650026595571773,145.20269111553648,Normal
0.69163623911664,0.6445000963892347,202.67925540733526,Fear
0.8848444018493953,0.9812708770189472,257.7838237614306,Panic
0.8507364347746278,0.8810404173562835,290.00311176435076,Panic
0.47970447906701796,0.4793815616942762,202.46051510580318,Anxiety
0.27025985677422726,0.2593766178231175,124.01337357232148,Normal
0.5214280215704652,0.6671497820473651,181.17979192597264,Anxiety
0.7104218498053468,0.7933702006262813,213.36030231855506,Fear
0.9782286227396142,0.90554022181726,319.50753572835106,Panic
0.16324754199731029,0.3738527807766619,104.52607282538615,Normal
0.9258797276270525,0.9391497377969235,281.81787453374415,Panic
0.27423126396595365,0.296050457844805,144.22604235058117,Normal
0.8561926379184461,0.9900822968153118,312.31846487236413,Panic
0.4766890164839711,0.5339150161992408,178.4839951947783,Anxiety
0.5659246012349956,0.5383380570065132,199.18280559254362,Anxiety
0.540086273801317,0.5149874657135657,192.66204234144155,Anxiety
0.9072192732688241,0.8619055232572655,306.9656513794864,Panic
0.5177394106287825,0.48329628130593744,173.81001897995816,Anxiety
0.7399599826583848,0.717715852516508,216.8049117561474,Fear
0.5665496840070613,0.7629984457777379,213.0952723526442,Fear
0.106591743624313,0.29411584171951244,148.63319984690997,Normal
0.696321512666376,0.5441847424844852,207.4789149988036,Anxiety
0.3424785994536508,0.4105297307839272,150.29972228266826,Normal
0.5573643735271984,0.54015563564019,180.82031788961984,Fear
0.9729444752510107,0.9625802018260156,319.98023713002914,Panic
0.7326331504515285,0.6755448596976417,223.5672506443109,Fear
0.7199294781354824,0.5742044305229593,207.0326481186056,Fear
0.6002884879023598,0.5824195391077727,192.43365894048338,Fear
0.2679251711014642,0.35453206011447397,121.48976308197044,Normal
0.4555461855075754,0.5745412966614732,193.81053483945072,Anxiety
0.9040327002223987,0.9704363000637081,288.633478714214,Panic
0.12210205584141165,0.39795445986740824,135.39735382825816,Normal
0.8057565352626679,0.9510274511347239,293.4216685947425,Panic
0.7110089335038724,0.7709453176029879,217.03582272583753,Fear
0.6201175117613195,0.6769753060563899,203.53464270598394,Fear
0.8182004182102661,0.9452794065300456,288.3212414829378,Panic
0.2959132531852857,0.29913569558031755,137.32520201367242,Normal
0.9395283742986926,0.9592943551347755,282.15427655623205,Panic
0.22302907326988453,0.2645610970747396,127.54814537429567,Normal
0.6741611368844183,0.6042240224676243,192.54784746471086,Fear
0.8480291237556387,0.8151726656217329,259.02158053374546,Panic
0.9169532211898308,0.8800600977820563,298.8367301587852,Panic
0.4954700210997862,0.5364168208309658,214.8394204953006,Anxiety
0.9030472109728422,0.9946220698540209,292.1354776878672,Panic
0.8081737232532958,0.833787012614433,269.5013237322371,Panic
0.10795117037129129,0.33717882730185217,132.06541022395137,Normal
0.5015834296014481,0.5410674652620189,195.17086354274284,Anxiety
0.18039569117000726,0.22307264655718653,128.8687236433776,Normal
0.5663518063897744,0.7620735872320332,235.2523440319088,Fear
0.10064875609591165,0.4170752767588967,105.07102046084091,Normal
0.8369042038712755,0.8418698646673421,275.93304719539674,Panic
0.5972233066234809,0.7279866226812757,211.87594523841204,Fear
0.6994941876267513,0.5110049608671794,195.14621666064124,Fear
0.9374331010806662,0.9688881345267257,302.4731362406011,Panic
0.476793002834944,0.5618530917058636,196.63086332275117,Anxiety
0.8209738333064962,0.9474810412187639,262.75987149331706,Panic
0.8644158331166357,0.842289601399309,272.924814652454,Panic
0.5083041028874503,0.535731716069565,193.6984970715278,Anxiety
0.7078342477214676,0.6495326596787172,185.21521728524542,Fear
0.9473644950789826,0.9115484531900875,291.05748042625316,Panic
0.48189507569889095,0.5209439764496812,188.15411481993175,Anxiety
0.6715110444587146,0.5733059466393964,209.8948618709364,Fear
0.6711549638713774,0.5711680375207984,186.1069483572242,Fear
0.6230713639348116,0.6463429402426214,231.0490510701688,Fear
0.6070190337387694,0.5520120785884265,233.8059254775855,Fear
0.8103270955749026,0.8036484962856723,298.7873023656495,Panic
0.4780097255420131,0.5494638997614354,218.47352166376845,Anxiety
0.45132500159940137,0.6937667907362856,194.53743896293923,Anxiety
0.6837286439848862,0.7788127967382759,213.40577358083578,Fear
0.569154871031603,0.6596456396756561,180.25387800747296,Anxiety
0.6147358472808487,0.6276309315849251,210.4566227210673,Fear
0.23246000579527915,0.37680752391111116,146.06677008657033,Normal
0.6662476442845224,0.5463088145822607,208.86840611128906,Fear
0.9187766195115797,0.8738460963019793,281.798758055337,Panic
0.11584374261819194,0.4474900580974863,119.34123069848337,Normal
0.5675736222485314,0.5416474320326061,180.16265396485977,Fear
0.24890968515196105,0.3178940471375396,124.71045484883611,Normal
0.5713398500226873,0.7552182380049364,224.7584715329231,Fear
0.574859444697109,0.7192602425610933,236.30042740926228,Fear
0.5448071462409501,0.6816123558974277,206.07982753756386,Anxiety
0.6604571941895679,0.4849430941565724,209.76336559299452,Anxiety
0.7099074261839031,0.7475398030078392,191.18429920728863,Fear
0.93303944413924,0.9046130849538239,275.11813388864516,Panic
0.24707666894876415,0.3707455158542831,127.11691607794236,Normal
0.5442361073562269,0.5656699464174015,185.0688937082071,Anxiety
0.8877489350776678,0.9154972541812252,274.87537162728773,Panic
0.8767782442746423,0.9087105722227977,313.4530477675183,Panic
0.9085698621226818,0.8863056286272886,273.2971050138739,Panic
0.8669811229314173,0.8278544145326775,305.5817632489207,Panic
0.22385590660099142,0.38536522778476134,134.38905095544334,Normal
0.1379187199331878,0.27793051694888704,114.90934838886794,Normal
0.828625597109694,0.8409089186338927,299.984485755653,Panic
0.3191914091904373,0.2855204371789769,149.27543828032077,Normal
0.8757643131113831,0.8914000438563356,292.2770510450759,Panic
0.9594590731559107,0.8299834854697548,266.0475976662849,Panic
0.6429704951495612,0.4530507680795111,199.92213506026135,Anxiety
0.585681110836899,0.5129497647267381,187.28479967519598,Anxiety
0.9918149589128056,0.8685048514357088,265.9145688120991,Panic
0.8924011607288266,0.9894566679223631,260.7345982181256,Panic
0.13477904853576547,0.22519865075397164,115.36093191121974,Normal
0.6680309772360378,0.6830295706209031,198.25665917946046,Anxiety
0.6475211592810216,0.45575565119690936,202.56836054941232,Anxiety
0.24407209004170327,0.351678761595714,125.44784027814316,Normal
0.12606174151295238,0.4101099079951057,154.64117189534278,Normal
0.12830951146018882,0.4462102997405837,150.33388518675605,Normal
0.7174981578004984,0.5996439237964817,198.68665584273847,Fear
0.9182550871489858,0.8798005407740261,253.83331471754218,Panic
0.15139495209390938,0.39694747217862314,136.22329190380833,Normal
0.8796337387181887,0.9074791205875846,314.38989314889324,Panic
0.6431400244637626,0.644251093426722,235.10728349635806,Fear
0.5061512057349955,0.5631098790331733,177.04285101899,Anxiety
0.5944079885228868,0.49137832935699344,171.69395801232974,Anxiety
0.19059847477915826,0.34514708756951085,137.93585727517183,Normal
0.5031701960853066,0.5787934206017031,218.77706578413782,Anxiety
0.13716568193827824,0.30365603093175597,105.12098008471864,Normal
0.14611571785471403,0.27489897794161927,118.59621557611666,Normal
0.6999920940798355,0.5629716779286758,233.88325736644282,Fear
0.5670579571103448,0.6062439967627631,188.88629737200847,Anxiety
0.5912102833156541,0.4664271598570881,208.7763808347505,Anxiety
0.9055295460289572,0.9068911782514494,283.676156387131,Panic
0.6619280662616436,0.5465720737792138,190.91568782971626,Fear
0.11887584095097231,0.3883115551868627,116.33811128321797,Normal
0.9287999086478032,0.8817468342196193,251.77704489622414,Panic
0.6599472148641425,0.6667484400028808,190.39922476824222,Anxiety
0.15549304048323737,0.25776869914701783,140.3135646159237,Normal
0.24876224492510512,0.2848178114740477,134.16661106581,Normal
0.930549221570375,0.8476365562093453,256.96089749315416,Panic
0.6971821954888606,0.6007993505442448,210.3425074481293,Anxiety
0.5492958824046137,0.6170212841426616,180.24921477079104,Anxiety
0.86479801222136,0.8173850029900699,294.32685424376723,Panic
0.15197156378650684,0.20663305096845494,110.88612610538783,Normal
0.6107313909035633,0.6259865337846273,215.5312001770152,Anxiety
0.18545433792446897,0.2648558583578231,122.78154449003601,Normal
0.8068456221641058,0.9661309013130499,274.1634501416893,Panic
0.5880117952129951,0.5590316322838291,184.72328797709588,Anxiety
0.6936368162997174,0.6449396936970077,175.71189629601983,Anxiety
0.6474862396499027,0.7683656680682275,227.99131535683892,Fear
0.22119459178758655,0.3281144139704804,144.50121665371995,Normal
0.6766956439652294,0.5773663056299607,188.36136444436946,Fear
0.8843407869106564,0.8264552422250662,313.040061086547,Panic
0.6044614653038738,0.5055172029642401,234.85792839362995,Fear
0.30376360710061423,0.32452268837775144,104.0305239949426,Normal
0.26285509708796606,0.40743545092680045,112.3852763056362,Normal
0.5780037077320899,0.5791051407903849,195.98990360225292,Fear
0.9194826204340617,0.9201033720867307,296.55256721823787,Panic
0.9146588756358801,0.9676213926356592,278.3067051084317,Panic
0.6537835410565676,0.5140897900325165,189.97700212536478,Fear
0.8368741841357927,0.8180673921155216,303.9690147874835,Panic
0.19732390351049411,0.272173434192675,121.34036298789695,Normal
0.2803832152804764,0.3526011667519894,156.95840782346593,Normal
0.9327342330725297,0.9873659478649516,301.28004680471753,Panic
0.1674778055980487,0.33496069472704837,109.72083267349508,Normal
0.46285645337106257,0.5740915618003091,199.84214244584444,Anxiety
0.6746665101809981,0.6422711926101109,200.663023922654,Fear
0.6320471890509008,0.5738728290515496,204.4201198213868,Anxiety
0.6419363025522262,0.5227800231108867,184.6659206447374,Fear
0.6236741177136067,0.5180362843074907,199.51153334345435,Anxiety
0.8629193113618823,0.9614860503633522,317.3469150034882,Panic
0.3375593384552006,0.3115014432394889,111.10797573031718,Normal
0.7416341586007861,0.7275177241837045,218.3369631200557,Fear
0.26469584167767934,0.3730691411294631,150.95173909391917,Normal
0.3258409531590062,0.36166622977929086,141.59051268741547,Normal
0.3360148349216533,0.20985670284212649,142.33451035094131,Normal
0.999870699913167,0.9111613162874359,283.12470826569336,Panic
0.8067891957171598,0.939484053449368,270.8144305160786,Panic
0.4788205053118211,0.5554406649326281,209.76709189795486,Anxiety
0.9724085301978627,0.9689098797070141,272.3370331270279,Panic
0.6789093301251644,0.6950502051329684,201.88183496743835,Fear
0.4801417214443197,0.4692383004073023,204.814438793907,Anxiety
0.5602580404370404,0.5511213624204627,198.6213879716733,Anxiety
0.5848728230938343,0.6476807912097409,185.9376251466035,Anxiety
0.6540336219757464,0.6280451169964594,232.59992267174698,Fear
0.5548801563113076,0.761029662170279,181.27616465102324,Fear
0.8370945819153446,0.8767927779839452,315.2812936597677,Panic
0.9995868221066675,0.8701423630903421,303.70318022517887,Panic
0.10939919330156522,0.3199453317141262,134.84543243363967,Normal
0.6960208672998237,0.6420683534661296,190.8883391083667,Anxiety
0.9045038383269046,0.9464543614369291,250.23424534300855,Panic
0.18865553941019414,0.2718097479135204,117.7784872273594,Normal
0.667821706894179,0.5831796937090321,234.62034612345207,Fear
0.8855546267471724,0.8768653294319364,297.5753097885149,Panic
0.6891039243898562,0.6494973305358458,182.9491325800907,Anxiety
0.554395193946232,0.6697795768905411,217.2366011145705,Anxiety
0.9807447934350542,0.9978369819626718,302.0346976025537,Panic
0.5079179253458609,0.6856829435337813,202.4823324496184,Anxiety
0.30766062943765615,0.230084690508749,102.81672142886877,Normal
0.15512155226754384,0.24660956553606364,146.7750684140052,Normal
0.710153937425975,0.6889333768988459,192.97944138219322,Fear
0.3319380707988032,0.4487269556616088,110.43371495316924,Normal
0.6530495848629452,0.6473559022605879,239.78014654840345,Fear
0.9631666249981236,0.8448881143673321,265.6672330375836,Panic
0.8069730320467651,0.9789842882455679,310.20887714925465,Panic
0.9754921725260761,0.8531200085177413,259.0660444897963,Panic
0.1110941658833092,0.413048383336752,102.12534210511271,Normal
0.9310483961278043,0.9101714741218279,256.0890731937987,Panic
0.5131622734902213,0.4512705349545065,204.7857146424875,Anxiety
0.5739689337696927,0.470261553976912,181.00916009749056,Anxiety
0.32361998274201687,0.4478688337862621,103.6910215743541,Normal
0.22014664433166198,0.34810194616487944,149.48085795550895,Normal
0.6155280025266412,0.5859447269993499,213.22464401536743,Anxiety
0.3196574965887895,0.39935650540173206,139.50711007950554,Normal
0.1393351649256315,0.24010002633251804,120.04053272471427,Normal
0.2743678654173209,0.37003519294007514,137.11668269291107,Normal
0.5878443079570013,0.7644911398311052,237.67891729109445,Fear
0.10731182075863979,0.4064541876411907,107.73219204840672,Normal
0.8457250323049847,0.9817402618538735,250.07840780360766,Panic
0.7164268355915484,0.652240320128251,180.38315230301,Fear
0.4710245561169962,0.5316083941258233,197.99221561544147,Anxiety
0.51495089526604,0.6085014257749028,196.99926898579278,Anxiety
0.8256897436186383,0.8566685896531163,251.28994031167522,Panic
0.34074800096474867,0.28546804150967153,137.9573135880369,Normal
0.7007397668101039,0.7366420945612233,190.425208518454,Fear
0.46695926477629296,0.5252408917367041,205.40860443226407,Anxiety
0.6917144009205258,0.6420721665305266,183.4752276335279,Fear
0.4614355084531282,0.667884201538094,218.67444845886985,Anxiety
0.21148957675258034,0.3618934108504769,135.66375155371273,Normal
0.4561467291147004,0.4555308878822493,186.18051095747705,Anxiety
0.9637571286714187,0.8505017499376765,250.07206358919433,Panic
0.6047253332563332,0.7991373500473133,205.57087813415836,Fear
0.3135524436153915,0.33175602405296556,149.5552459479938,Normal
0.8441539225577521,0.8164762091231685,297.63495114522993,Panic
0.5762670252818757,0.7604162967596879,237.7941992064079,Fear
0.5580837002606505,0.6859039800418997,190.98636584630611,Anxiety
0.9929040944540417,0.9520188156876195,280.9609133666637,Panic
0.8818668012630086,0.9788198407358268,266.096822412376,Panic
0.15008978588717817,0.41703070337263276,142.89544241213486,Normal
0.7228716499679274,0.6419629720074671,238.0916056748833,Fear
0.5907402498552549,0.5273493471218575,189.21948228966676,Fear
0.9689566456233776,0.9522047981885998,293.8354225141991,Panic
0.5235419933358695,0.6779590087399777,218.37556318068889,Anxiety
0.649134322744044,0.5703805878781375,175.86540944811972,Anxiety
0.2518266120656678,0.2618849889008438,133.50476035499187,Normal
0.5728986366853592,0.4660522342687835,199.09857009571994,Anxiety
0.2475659847214056,0.3083116872429139,159.06108444417424,Normal
0.10290513497702516,0.21811172194863973,123.54961338440108,Normal
0.744939970374138,0.7165662883780806,219.4190314538696,Fear
0.31503059929730115,0.39496274722333746,102.37712952090143,Normal
0.6998323278202566,0.5437766222105437,186.16754426955995,Fear
0.5784991085803027,0.6496664460354069,217.08934405908715,Fear
0.5365041419112099,0.643951183948239,217.06187521161934,Anxiety
0.22942791084617783,0.22196662478620835,121.03761587255084,Normal
0.3061285117242084,0.28945033773206785,119.32568213316011,Normal
0.6635081696523116,0.7068394907411797,228.035201946545,Fear
0.5582366990558544,0.7011156375063237,237.0929984613196,Fear
0.27661893162172524,0.20789653620641052,156.1727347746214,Normal
0.9225888349731212,0.8597671772674628,315.46412707096215,Panic
0.628521733033107,0.6504320207674479,186.9725096271403,Anxiety
0.8968796895148081,0.9321640236598502,288.7101016814371,Panic
0.7134595539924987,0.63569548535549,218.61466171179148,Fear
0.14099987024737431,0.3096518041223846,143.4895935924435,Normal
0.5117758085025366,0.4898861700282971,213.5891783296101,Anxiety
0.6158034875629325,0.6410547778089996,224.65674393569734,Fear
0.29742462678561976,0.36467694387521904,129.89174298718834,Normal
0.5541722278583077,0.695978905771199,199.93887752130652,Fear
0.6936982905366957,0.6125814215867342,179.97712254645725,Anxiety
0.8441122249844647,0.8836799577335306,264.250479623957,Panic
0.8925245913478633,0.9736545010816762,300.9018348836416,Panic
0.3115613230047623,0.3571912045514863,144.12101791994516,Normal
0.7475299127472116,0.5120327574237448,232.02188976734692,Fear
0.5970145945225198,0.4573486114391268,189.77575849245076,Anxiety
0.6683558095204151,0.6751754660028146,191.08604634367276,Anxiety
0.7484266632681345,0.5851563585825935,201.5490617799739,Fear
0.9245933167126965,0.9263120440185041,301.3179115690697,Panic
0.9552000414070859,0.8810620366171487,292.1298768563406,Panic
0.5975086649847756,0.7914185282124919,190.85861716256937,Fear
0.11728319654665487,0.30929134720420665,105.84360355321313,Normal
0.21132631375066635,0.32870433848242253,121.55400216398594,Normal
0.5690523015909253,0.6956369736591314,198.72888340178682,Fear
0.5145333581752819,0.614184166135323,186.25950321123474,Anxiety
0.5996784950250269,0.5491649440858904,181.8513928554168,Anxiety
0.8472100926692928,0.8146993494660025,261.88305335612785,Panic
0.6397555147662807,0.7008171204378084,188.7453940946851,Fear
0.16217856814690748,0.3542862466510075,142.40663301312674,Normal
0.5398126869790614,0.5448396474806059,200.27690788224413,Anxiety
0.9327609055243611,0.8949261751499628,309.0919314278438,Panic
0.5615921616281464,0.6660540444185422,197.90701247969315,Anxiety
0.8223839238795456,0.853949922303398,253.99607992625204,Panic
0.8462261824855294,0.8103393674483055,294.80020767858394,Panic
0.8904398056566871,0.986775003505581,272.13092734837255,Panic
0.24616767511064716,0.37205196646664884,123.84273930786406,Normal
0.7430237392872091,0.5014819942803229,237.10870712539435,Fear
0.7446195496140693,0.6740336689086405,195.2534747938496,Fear
0.8977693160513841,0.9333728515092209,259.7755878329419,Panic
0.48317866345481936,0.4858855905098482,216.9909895963421,Anxiety
0.6183581083312293,0.6924780115268175,174.69503578947092,Anxiety
0.48904096119804347,0.5086403233337071,218.16734164101996,Anxiety
0.938525190445233,0.9676230579296221,316.12299536318164,Panic
0.5535031981724124,0.5732441871267123,229.85263148050234,Fear
0.9141219493277659,0.8060774119393674,315.1664086854885,Panic
0.7337355593987008,0.6801828627638709,236.45252138028388,Fear
0.6287728811308317,0.6953698931124477,186.39558181847946,Fear
0.48982186131070127,0.6012384806726352,185.90557768090596,Anxiety
0.20172699018071766,0.4176883625843148,146.9431290434964,Normal
0.17217139888265953,0.22727740794143744,139.03069886750296,Normal
0.6154066323126478,0.7002780156690754,228.47075651647552,Fear
0.7255782318082655,0.5951587150296196,232.13403753243426,Fear
0.13005226384265212,0.33612227449021237,100.34551962988729,Normal
0.9260417496658289,0.921966361099739,289.4407249143921,Panic
0.8777116202540691,0.8897387245245062,266.6280891612029,Panic
0.21110486318780036,0.20366676426156596,135.22370246206907,Normal
0.617053199638754,0.6048725865024036,193.17470219002863,Anxiety
0.9084727329959477,0.9902957119331982,309.3017152960802,Panic
0.4564105164516089,0.5353119569065391,189.00978093929285,Anxiety
0.655324759453792,0.5738208976393995,208.60172850246954,Fear
0.9529766523084257,0.9625971477432187,300.26861533585463,Panic
0.9042468264970669,0.9644786837634116,280.16034640766236,Panic
0.6118686785386507,0.6745076372374967,182.17411482881496,Anxiety
0.8760149017874411,0.8394308253145755,283.542826061052,Panic
0.8202841656898433,0.8971743518372651,267.97435974043555,Panic
0.6175240086527354,0.6824014693554973,196.613010666952,Anxiety
0.527826924789001,0.6025834458277296,205.8075337111597,Anxiety
0.3441813096656447,0.4057935038989151,131.3488624309671,Normal
0.9362235707929966,0.8362876695391255,286.7614368566942,Panic
0.859055657844062,0.9586814516295674,262.9659912583187,Panic
0.6907317188093949,0.5708864116799812,210.2996274887579,Anxiety
0.1933774207595969,0.3316247985384453,106.73826066467315,Normal
0.2504029550365828,0.40479721485669756,153.05238780090446,Normal
0.29843596259512906,0.36165147835571504,110.48640656964263,Normal
0.30996532571668006,0.4250057808495028,121.2052827581631,Normal
0.6011289995618545,0.5906181505504385,223.91748405513806,Fear
0.5559345634121907,0.6168874748228677,174.7767656917334,Anxiety
0.4874259919892394,0.5559862032283255,177.64919004142814,Anxiety
0.2842184362360455,0.41569926938580715,113.00438800544654,Normal
0.14461149130694304,0.278067946512199,113.8147701056722,Normal
0.909339482542814,0.8463894192231951,277.363419713386,Panic
0.11461365352713848,0.23544359838177548,116.47241524000752,Normal
0.9390289108095188,0.8808637536208584,279.973973044793,Panic
0.9449033702797236,0.8031642183531166,273.87630171319546,Panic
0.5708219298768333,0.7173016451386224,214.70321502038456,Fear
0.9545245454898765,0.8529790894473467,295.1702886268002,Panic
0.4979668311796857,0.5308428905288802,181.3328201113494,Anxiety
0.2542889458489117,0.3106024841201674,149.91178679508533,Normal
0.6500891269555904,0.5084280204776083,197.00059573022554,Anxiety
0.6685623983306845,0.7040395793310354,193.84975134924073,Fear
0.6166003826116396,0.700846086559457,239.64836167327005,Fear
0.6225888543691984,0.7986441472112771,206.78114107185854,Fear
0.4650355856501963,0.5905742039694775,217.881264225269,Anxiety
0.25874001139775826,0.3887094549852119,110.22867629043505,Normal
0.569335289929344,0.6351112808774555,225.36979973371476,Fear
0.17521327708831375,0.44530909358607595,128.49319261037311,Normal
0.5969284163710907,0.6197947747427924,189.14496079982504,Fear
0.28429505625181073,0.39214995119712714,114.619402963832,Normal
0.6541915954544084,0.6870757064008279,185.347465926961,Fear
0.9729372384067081,0.9216972825319583,285.4786902274338,Panic
0.6271861744357441,0.45904009513119054,185.15641779726644,Anxiety
0.6183349003793842,0.6142728576532962,200.7793061153402,Fear
0.23845056017809405,0.2763810776645059,123.818891024457,Normal
0.9884774038204467,0.9746673323447695,261.3234947946477,Panic
0.649392696581166,0.7976474044469939,231.08549746470575,Fear
0.650230599836402,0.6191536332287633,212.38395712559657,Fear
0.195155823369145,0.41949358011126736,152.08340140644702,Normal
0.5782556098551012,0.5635947472706716,229.1241002444562,Fear
0.8805960357530324,0.8347049029973017,298.6465762231723,Panic
0.7414645775789175,0.6719124286792548,235.96384442857527,Fear
0.5765049345483697,0.7586043446817867,235.36543143080365,Fear
0.5778396049235061,0.7694784881878118,229.75994430847703,Fear
0.5756415191158606,0.5496657569430783,177.31869960811247,Anxiety
0.1304404777813187,0.31955850576201805,130.36645329080505,Normal
0.9926230223178347,0.9099059071790034,317.6075512807254,Panic
0.5985726876404437,0.6841122934709151,213.80525962990214,Anxiety
0.12641617106543598,0.36020657867255157,112.96229095057598,Normal
0.670510632768573,0.6094394657433588,203.18765046954883,Fear
0.29519039651710993,0.3149501059423301,103.48982773032854,Normal
0.9508507088687727,0.9238995502815175,270.8148533765787,Panic
0.8478360208431852,0.8284498737374393,258.49694575957,Panic
0.603077481837639,0.5533299163553744,221.49708333415916,Fear
0.2273555320374474,0.4491742134632442,148.83821617036114,Normal
0.8441605259571279,0.8347505191324589,295.9006570793159,Panic
0.6352166767780744,0.5392131130220599,233.196252914428,Fear
0.6808151590743996,0.6062708721334323,211.5302773181184,Fear
0.7155075791133749,0.7200843141684207,226.1582936184804,Fear
0.5997160515429885,0.5401411208838466,205.1148372974361,Fear
0.6019626417490069,0.7280869469366406,188.22658234373995,Fear
0.9237896386015443,0.8647000789822947,308.40123561683373,Panic
0.3439684387275134,0.4003842779707474,157.574598659262,Normal
0.5428521419125352,0.5164627841635784,202.3045061731254,Anxiety
0.311089270684904,0.22452064519606116,129.2944682213067,Normal
0.6661650980351044,0.5108694921012168,202.58553239554843,Anxiety
0.8751776570291538,0.8788952557140071,282.16127378841907,Panic
0.33905554766223706,0.23328625104452425,106.12897177945229,Normal
0.5288517239370032,0.6220336765216355,191.8801562027696,Anxiety
0.16984192848367907,0.4325797212094559,115.18350596804707,Normal
0.5653693661561835,0.6093003692020701,202.96769611028913,Anxiety
0.890024886483952,0.8453929388730729,312.2573641290191,Panic
0.9036816043890409,0.8300338001634083,301.620363810504,Panic
0.21081827186090457,0.21195770509852638,102.2813108942473,Normal
0.9432646776125364,0.8144168671997347,254.98797094356811,Panic
0.4588927167588871,0.5771448223618946,189.37976157413848,Anxiety
0.8593071162575311,0.86994064594917,304.2257471826827,Panic
0.9567685353535348,0.8709682720513781,278.849165118394,Panic
0.26507567992533454,0.391093165555434,115.90278569950024,Normal
0.5665235326918537,0.6543972759720535,233.9340494403741,Fear
0.6423057869595333,0.606165892213566,189.0969819826448,Anxiety
0.5520855398794806,0.5766240454055659,195.642797995195,Fear
0.2609760633852827,0.3325755333122896,102.51707340589817,Normal
0.6144431006889257,0.5375700711298481,208.46016659437282,Fear
0.6703763179272644,0.674726797462174,224.8843907657719,Fear
0.6041249317237709,0.4891596092434521,172.18678129399848,Anxiety
0.3320209100815124,0.25615390296096296,122.3300214302508,Normal
0.9100183880916313,0.8777305597259695,261.4578661025711,Panic
0.5101731779581262,0.4803753440752295,179.87352449299686,Anxiety
0.5525429779973787,0.7977246201468411,220.2872960936786,Fear
0.7222739992726872,0.7539543016070834,235.13559201837327,Fear
0.677214152745965,0.5663190114361185,238.70383672803575,Fear
0.6956981354323226,0.7329342339499174,219.36971026086428,Fear
0.8640119665041968,0.9506374671826806,268.85319088114176,Panic
0.46079343394925293,0.4912037039323593,176.5864386727281,Anxiety
0.818374177542009,0.9930259484253994,284.1875891045458,Panic
0.96814060560224,0.9465603089532502,287.9566043844294,Panic
0.2858559465191523,0.35298512633433277,106.35584275350958,Normal
0.9377770604100182,0.9746645831721615,294.54039477854735,Panic
0.5584501280636929,0.49021204348943653,197.90211625744834,Anxiety
0.5116697161304058,0.6316154287782512,219.59049756746816,Anxiety
0.4984884668169437,0.6699541214854846,202.87801563890116,Anxiety
0.23877123732557154,0.3832678240074187,136.95912701561073,Normal
0.937576821975983,0.8750519808885333,287.7086967140127,Panic
0.45130740338572817,0.6402476900070234,171.76556774701194,Anxiety
0.10275790356561645,0.3873863711172221,145.5205834066603,Normal
0.5317329040845198,0.48722201258311115,185.28021077451075,Anxiety
0.5755125533721117,0.48117851422784763,189.2687941523681,Anxiety
0.6305177345506843,0.6715489451162686,199.6522167093392,Anxiety
0.26576050112512306,0.20046997088122767,110.70235505843979,Normal
0.6739178674919681,0.6066479031324072,227.65183987662505,Fear
0.5505817811716389,0.6685656176525594,195.50548562494126,Anxiety
0.8129707188965937,0.9159967574856263,289.30392115716666,Panic
0.463200990117132,0.5716494155609383,199.9684482831467,Anxiety
0.8539641440256429,0.9650098820360125,284.87789775844175,Panic
0.5797999472298487,0.708624694498416,224.75551252882047,Fear
0.6915361869481832,0.7365844894017219,211.03614338649658,Fear
0.5433656490360433,0.4805941893312945,206.77528032437687,Anxiety
0.12215010741990431,0.25515298817780285,135.89351764382434,Normal
0.9533177047943286,0.9467231660084625,270.96104573443205,Panic
0.205312013323518,0.3590443411770582,147.13909708481393,Normal
0.9371822542099728,0.9982252863642607,302.30537114194266,Panic
0.9143744542454373,0.9175538721724397,262.91333771935473,Panic
0.34491167875847084,0.24132352774254365,142.01511756667125,Normal
0.7163394087351547,0.5819212429918438,211.08472597432893,Fear
0.2956454849628345,0.2140340258540525,151.16368119254267,Normal
0.7245460500969204,0.7525800700375427,191.16608507077663,Fear
0.2087950998138392,0.4343383235539661,142.36114045984147,Normal
0.566120302751425,0.7183817920921296,209.787669141318,Fear
0.29505326585752556,0.2017573009534048,103.4368150646574,Normal
0.6720450298955283,0.5406062246833057,225.08250516174274,Fear
0.5680151085492495,0.4533506566080414,184.1372844789381,Anxiety
0.60643741493864,0.5785117051207718,194.81872794432,Fear
0.6467816506504009,0.6937086631952779,188.56035469449992,Anxiety
0.889947968490108,0.9553421113910363,254.57563102950698,Panic
0.3132724058509126,0.21162514661001638,137.18196641196494,Normal
0.827849074223519,0.9064841364550434,278.7766921820495,Panic
0.8172849221525094,0.8473568618622771,301.2714112286663,Panic
0.9926788868427101,0.9120336366923684,315.57757234231644,Panic
0.7155736750644346,0.7363139046583127,217.4655267883037,Fear
0.34532427262431165,0.264132515611062,139.25047608844446,Normal
0.5882381402929578,0.6014789315997046,198.52192460239172,Fear
0.2521318181741166,0.2873765930217047,106.845747093276,Normal
0.6940016079326227,0.6253969801611453,185.33041470525387,Fear
0.662244557656505,0.65701727341231,186.88613231215305,Fear
0.6307955752653097,0.6627637410186269,227.5019993072011,Fear
0.2358845543356615,0.22043133643669457,127.49803849171938,Normal
0.20715763674261894,0.23523990688044233,139.85127487032503,Normal
0.26725558433227703,0.3155738902501518,124.70593249507051,Normal
0.28732092817394406,0.2726468899515888,147.21820809506,Normal
0.7112807234465679,0.6377719632790875,183.1173946532561,Fear
0.8994511860629376,0.8679554943123771,311.04949900157334,Panic
0.6160430129742995,0.7270254517065906,211.16315157023624,Fear
0.48156344569815335,0.6149073415986855,178.0809905642936,Anxiety
0.5977592422763078,0.6353718032542964,239.0993793684525,Fear
0.661596147756528,0.6657540844348175,185.64911460754186,Fear
0.981844041172312,0.9077403595905429,284.8468755624003,Panic
0.624386533583373,0.6355090457695048,203.84288342911898,Fear
0.9551223701850655,0.9928953307801623,264.26365213893826,Panic
0.5688072208868533,0.6070012922425294,225.44891308736504,Fear
0.2586456043875759,0.39947853990397353,123.75822835974729,Normal
0.6742394826058835,0.5800476308128886,192.38014701601085,Anxiety
0.7086522700876509,0.595028503120258,231.43075541992516,Fear
0.9794372681929238,0.8337708413355372,285.4935772705809,Panic
0.5005039171006225,0.49605620980950654,214.6994855003935,Anxiety
0.6550943768622433,0.5282904987043205,209.92966361913756,Anxiety
0.5666928169978767,0.7647249105222016,228.2162121264921,Fear
0.613933366488109,0.796524796823623,209.12153898959323,Fear
0.26697999970090674,0.3586678183134854,109.95729371774709,Normal
0.7459564915709044,0.6968402054061742,187.78958693710305,Fear
0.23993892090959562,0.33184990553066906,143.1612173421495,Normal
0.5919505895367363,0.6137081378657292,238.4074433985704,Fear
0.664544263289291,0.654765878465414,197.03968774927722,Anxiety
0.9519164820229263,0.9976131133305548,313.0907207542254,Panic
0.5648162992933035,0.5394495663313604,194.71062236251498,Anxiety
0.975964382790339,0.9050869825091385,267.1037958550526,Panic
0.6564945531770204,0.47515936963088334,181.99370563779723,Anxiety
0.6763399685694675,0.6349178251816909,179.56302089572932,Anxiety
0.9302295169763348,0.9241857134956862,274.6662462626758,Panic
0.3015489702509477,0.4109343316016811,115.23849247432148,Normal
0.1315661853911257,0.3690443905188585,119.50624092590193,Normal
0.4509542835310868,0.620417370600405,178.35660057356105,Anxiety
0.5067948892558787,0.659260281310735,183.96380442272053,Anxiety
0.868076018533335,0.9732773028502684,265.08709081539325,Panic
0.8425288752742193,0.8066378709124853,271.27624808685067,Panic
0.7018497466121686,0.7710823533040385,193.96578882607733,Fear
0.2971118358133247,0.3662462258689988,115.61721145396018,Normal
0.3185566810345879,0.20004709988914549,110.14486422135955,Normal
0.6394111087612852,0.6381074813605779,231.8738165713602,Fear
0.4822121780000637,0.5531902823165065,210.1177164579632,Anxiety
0.884509685662389,0.8084049350342811,301.79328845368514,Panic
0.7432486821413596,0.5382361878268607,222.46129957983712,Fear
0.7321540323287831,0.7261885710790352,228.2944066104863,Fear
0.6954496733151568,0.6053361243133824,197.9592403414663,Anxiety
0.6573486662147117,0.5203802996037324,213.6376919783064,Anxiety
0.5936886365766615,0.5360741679535027,184.10045613193563,Fear
0.16047345706470975,0.2031010090693287,128.12607792787034,Normal
0.30613370202175805,0.21856021824709662,113.58108966048916,Normal
0.6986386397463207,0.514442850793506,234.17369971151925,Fear
0.6693154407065448,0.5326020009689435,187.02029216747823,Anxiety
0.4963325448821786,0.46974229054770716,181.9755084954769,Anxiety
0.17132258458932909,0.30729564834908923,116.06660052930005,Normal
0.7211392187675079,0.6564337067130769,183.81845455719855,Fear
0.5050563253443288,0.5720936572457347,206.87828745464134,Anxiety
0.3274067048591481,0.3673000657345196,149.75720795900534,Normal
0.688956120930188,0.4562854895693182,204.72252280653544,Anxiety
0.5292366469477798,0.558648990214678,208.69398278650783,Anxiety
0.18520392494746163,0.24120616883669052,110.2349146934254,Normal
0.25782688827299716,0.34792429057658136,142.158026385131,Normal
0.619106590584598,0.48292335961800964,181.7092223407743,Anxiety
0.571916767155316,0.6130560648863681,217.52655262931017,Anxiety
0.644579426562181,0.7951520938566314,196.13753674958826,Fear
0.5641864432267547,0.5763174742525541,201.7111855923083,Fear
0.6010179192678048,0.6768450411782116,181.94283302009637,Anxiety
0.7443065381802101,0.5994041021309152,208.92246348672495,Fear
0.5674359407476709,0.5618670353306144,193.71442102156303,Anxiety
0.22914315711149474,0.20137644979010522,100.45984195895352,Normal
0.7166634142946025,0.7531773837835172,197.09448129185765,Fear
0.9605171359159625,0.9144097286738602,285.88674081694916,Panic
0.808877554434171,0.8555644145563469,307.1677522815503,Panic
0.2542666290294503,0.22845959836915036,120.71338856810152,Normal
0.9149559108528831,0.805933644612948,297.27941452829623,Panic
0.748563367799814,0.5394467359693945,196.48389153117117,Fear
0.19746808823538603,0.38246507721211964,152.93551336569087,Normal
0.27850816111671406,0.35197630352267595,118.56236307176692,Normal
0.27960730745468376,0.4385082818962601,143.2836070663773,Normal
0.25910034254585174,0.2127838453605252,115.45643322002331,Normal
0.8081117475089363,0.9743195454576461,267.96859598170323,Panic
0.5459597207612449,0.5640591272388855,188.45265108804583,Anxiety
0.9192643037720737,0.9099167313444287,313.022488765199,Panic
0.47004500352047585,0.538692822958996,217.08628558094625,Anxiety
0.9292192350010127,0.9292900180249214,312.1627345052083,Panic
0.10253279600693585,0.35902401160238556,154.7972168545742,Normal
0.13858039132076985,0.24296212033177364,138.27262555981804,Normal
0.3256133268214604,0.21661096108894373,132.03804835286581,Normal
0.6550031572798389,0.6237205934189898,196.62463497185732,Anxiety
0.8972000987595207,0.9154399773469102,253.0617350616263,Panic
0.3020056574766382,0.2540128412529218,127.99646708183295,Normal
0.6130729121479849,0.6614010907474767,204.62464133346126,Anxiety
0.6307795728340247,0.5232843934194322,212.55206211193507,Fear
0.7077970319841587,0.6339258549204747,227.90282043110113,Fear
0.8900246722363865,0.9158532707641054,303.1545718026829,Panic
0.8637733636642277,0.9164397493188228,275.98206964063394,Panic
0.10685507749316442,0.2982435563363228,131.54875593239942,Normal
0.5833720403397507,0.6291588015386622,188.55564864491453,Fear
0.6404767050331038,0.6866611084983865,186.9884413575559,Anxiety
0.6791644772572969,0.691070695236423,200.4362499948775,Fear
0.9583440518522693,0.9191977684366963,257.08819402306113,Panic
0.6014448123631726,0.541148432049385,180.8946277127495,Anxiety
0.589922111209485,0.4763147962992531,178.3679866569314,Anxiety
0.6471179399318796,0.5082610159608396,210.327307074627,Fear
0.8271578094127875,0.8198604405507386,264.62048494940177,Panic
0.8775973519893739,0.8320049872926388,251.63464674297302,Panic
0.8294123701133177,0.8975702394384814,259.1033447757797,Panic
0.5732277920401052,0.7867756486865958,198.83800304264116,Fear
0.8888255426331504,0.9989715946118642,288.1766784852812,Panic
0.1721013594546864,0.4402838713518983,123.36891369414522,Normal
0.34268553841931204,0.393384722883641,158.80653954482602,Normal
0.23842787133950277,0.33542620310250104,145.7141087562922,Normal
0.9677098429805656,0.8712371294235188,307.87704816574933,Panic
0.148655959176218,0.21441189554975623,120.5468787300828,Normal
0.5087593037009562,0.6576721276300191,197.24138287725935,Anxiety
0.24511690024842397,0.2347991753364239,126.64262495213217,Normal
0.9633513860239056,0.8414618006375116,304.76718306220613,Panic
0.9760629524297855,0.924681191631888,289.85641528275977,Panic
0.6422891023774625,0.7192454086135427,188.8790488419501,Fear
0.21888650937170667,0.33575614598941583,113.66498416619257,Normal
0.5982536250901493,0.5997801462600812,187.67303702733912,Anxiety
0.973993831929537,0.8261304687646926,305.33568559924197,Panic
0.4644352629672934,0.6201889732401213,193.3391038615594,Anxiety
0.7388084187650796,0.5446387908215347,207.7605363039236,Fear
0.47341810517647753,0.6386553053996479,194.59655500528646,Anxiety
0.8750659815839203,0.8571567111051741,264.2256163760261,Panic
0.5603059284138316,0.6014388257847642,215.93673553031886,Anxiety
0.9154558058466262,0.9731154291249104,318.65175405084005,Panic
0.6386911672763809,0.6806350956064339,215.48440556534928,Fear
0.9912094287223866,0.8400949031056806,257.6484947216735,Panic
0.4507919621451754,0.610049577889906,184.92174561809384,Anxiety
0.46561439840476787,0.6708661907465151,192.4159527684711,Anxiety
0.3428832605976472,0.25518637211319545,144.04178575535838,Normal
0.6453686936635634,0.7063166127291682,223.3624174618937,Fear
0.65544523616796,0.6897632329897484,218.668216627262,Fear
0.6511093019198761,0.5196899681036382,180.53524819336016,Anxiety
0.2983485035763369,0.44763650819253337,112.03906104422568,Normal
0.7156938598898235,0.588385818903858,180.8589166600236,Fear
0.1854456011841904,0.35822658266960855,104.14177245327097,Normal
0.28835698056424225,0.39223069552691026,139.5124309402033,Normal
0.9768848551003955,0.9400068545544209,257.3082890823657,Panic
0.8975255619334422,0.8155298669343211,278.52801217227017,Panic
0.5548996896535305,0.5918412022638779,212.94782017663036,Fear
0.7116470420018445,0.7843064077893414,184.33898851547633,Fear
0.12523529999438038,0.4172360630697863,140.90491864540968,Normal
0.22515606701760443,0.3986288861226872,142.4251886360019,Normal
0.48629912822116506,0.6275275141054266,203.3427210507134,Anxiety
0.8464768646112096,0.8562008997817427,306.24379203078195,Panic
0.5804659178929071,0.5798504037546612,181.32161527342902,Fear
0.8952873972687584,0.8452057995632,294.83332295230906,Panic
0.10841729455346819,0.2536570183147007,124.96728568426553,Normal
0.1307301696163469,0.42216477006634967,130.18503704679017,Normal
0.6407893696216714,0.746429597492778,213.27944088210575,Fear
0.6206543053058506,0.5104829200788824,205.6976316253295,Anxiety
0.5257985148652615,0.5224925297359022,198.16444654769074,Anxiety
0.48571899033485294,0.6438365376007839,183.57046902233571,Anxiety
0.8317248289052757,0.9763984339443272,307.66446630708157,Panic
0.8108664069645808,0.94972904682524,272.23107566827815,Panic
0.8378079049455064,0.9566033274633465,300.0527103195479,Panic
0.6913952974911433,0.5188068864865598,230.36030954136015,Fear
0.18509268657644068,0.4351121264340432,104.9629276914612,Normal
0.47547309701650337,0.540058479700107,183.51966431922628,Anxiety
0.9733095963498174,0.9143618327214308,313.50398750924353,Panic
0.8867634839153059,0.9819886287708784,276.4122637774235,Panic
0.618785015287417,0.47900567033704233,172.11458746113405,Anxiety
0.19691220136391174,0.3581779696871502,142.23142549805988,Normal
0.5778231697782176,0.5762694151246087,232.53067359315696,Fear
0.3415118762821693,0.39025944756269576,157.04636246388029,Normal
0.9887964610726419,0.8537936063190772,283.27846254950515,Panic
0.9288298442951832,0.8096372024786593,275.2035326130685,Panic
0.546280029975625,0.6664550413055887,193.7983865505828,Anxiety
0.5022206810012909,0.5421767927161988,188.49066279935883,Anxiety
0.6647391713551574,0.4965057500014164,197.6034682326689,Anxiety
0.6625870002799739,0.5029985136746645,202.86767410850644,Anxiety
0.946099272191758,0.9295426342125843,305.7368416893998,Panic
0.9215504244505446,0.8590602955143666,259.5620632555821,Panic
0.8251448537984453,0.9474193100864102,318.2214267934731,Panic
0.5487827269028758,0.6283017208206544,179.96076374470266,Anxiety
0.4713353341210812,0.46075173796673485,203.3433330275461,Anxiety
0.1278780530803191,0.32896547567808204,116.05556060367829,Normal
0.27201111095900343,0.2604722208885365,154.664122166043,Normal
0.5538655261835203,0.5373105197001531,204.8185604951181,Fear
0.28405010626519045,0.28256069483410134,154.36395314118192,Normal
0.4524809552819589,0.566023789863376,218.1749620443794,Anxiety
0.549411894898009,0.6405772580054846,192.74594447537936,Anxiety
0.6432303704690288,0.5803240119135347,218.80069116396066,Anxiety
0.9150710806503112,0.8152769889982913,276.78062264994446,Panic
0.13005180728014407,0.26639570823965153,101.05314180199774,Normal
0.1854509263730456,0.3847566394469897,113.39580313031178,Normal
0.19293482372658255,0.20033840642886705,117.98803165391415,Normal
0.5870955090489135,0.6698137787115961,203.779004597513,Anxiety
0.6746401511687098,0.6457996033246565,209.01880617854903,Anxiety
0.5017737295441428,0.4880819464156697,214.9727606273051,Anxiety
0.15705884087342478,0.26165090874450614,129.0446241826121,Normal
0.811943297794178,0.934328456309206,290.7546131837762,Panic
0.685681079773528,0.646297385787102,219.56639507821103,Anxiety
0.6789182349484687,0.6683880628845209,226.61568061963354,Fear
0.15634531700169146,0.24895827103356752,108.44817693356056,Normal
0.7194388878067164,0.594544111739766,196.5742394985092,Fear
0.30278094248336773,0.35898867679093216,123.28994236761973,Normal
0.6107047287000436,0.6524650468401465,217.36976247932233,Anxiety
0.6081009011342842,0.640996480447381,233.40846824376086,Fear
0.27249993432723585,0.37252413955946084,155.83640829079224,Normal
0.6077304475572909,0.5619183563526046,176.71374254511377,Anxiety
0.6103833400155004,0.7283264918071627,201.2560658904628,Fear
0.6859240665470215,0.5228717653920694,196.48222890287352,Fear
0.7021708689028991,0.6640578922925379,190.8184761253667,Fear
0.8087799885286011,0.8331499559640312,281.18791471193236,Panic
0.6744186681694891,0.6185872447558672,176.84995315268358,Anxiety
0.9586285747993479,0.9707569843409334,266.9383991221932,Panic
0.5717786627962078,0.6909615940260063,209.89416002995637,Fear
0.6279307014365122,0.6952859329479555,198.4769889783552,Anxiety
0.8917926958754597,0.9838774809145345,262.3266829931416,Panic
0.6744686529234493,0.7943533510286884,191.40645898702365,Fear
0.9464245213685911,0.8710082112903916,298.88178100593007,Panic
0.9042919277442945,0.9954615815983008,303.01171449941074,Panic
0.313555476585217,0.3932722604243666,118.59999623030735,Normal
0.6781230367097775,0.6999801437139858,189.76198462851394,Fear
0.6408947672166431,0.6638017462545924,200.15321530852583,Anxiety
0.10225961726982305,0.28925733599250303,155.57164410590693,Normal
0.710950624397939,0.513817020256987,228.4847569413498,Fear
0.662010522400371,0.6322153605674867,174.76996386566054,Anxiety
0.16145185982653826,0.30069109961556295,153.67856785465807,Normal
0.1296256558995379,0.27222123472729143,123.87019753012942,Normal
0.9909693986076936,0.8989350379182567,285.89041734688396,Panic
0.8743448132804686,0.8784916372458961,302.7985481342916,Panic
0.8115405856831798,0.8888730698483029,269.28835574536384,Panic
0.2968872714646948,0.2627503458155751,133.84444173001106,Normal
0.8831207791814671,0.9694543335443719,313.1565482423567,Panic
0.7336478173350874,0.5305411048848611,210.3574744640959,Fear
0.9503544346078187,0.845738881880073,316.94240653712694,Panic
0.7233540709012001,0.584743623193108,237.02755023451775,Fear
0.2797899742361422,0.3408311605082617,125.65010987968671,Normal
0.6396940634393312,0.5206240164932131,187.6525195800151,Anxiety
0.9807515143550285,0.9691699100919935,278.06592337311326,Panic
0.7060731006013763,0.6429007199903296,209.85239112876613,Fear
0.5011152215136779,0.5138272691259829,184.78473370208022,Anxiety
0.6637575504049837,0.5017689523027138,173.55791425867164,Anxiety
0.5238104506224105,0.6698741426820316,193.00011977903995,Anxiety
0.9621757162015837,0.9671651855821032,273.2533723180923,Panic
0.704781244354133,0.6057807817786575,229.4872713766672,Fear
0.7251766167034114,0.6617283658208026,196.94834558220023,Fear
0.98620199417706,0.8783647926567,288.2690364389738,Panic
0.10000290868884154,0.30414145712057306,131.3506108651353,Normal
0.2807820684706385,0.25014006276824574,112.21470265278163,Normal
0.17598562806375684,0.2576041655293375,100.08842932517868,Normal
0.8382237418992006,0.8620169076685511,301.2207315594949,Panic
0.6354740817396788,0.6621063447726312,191.13145985068047,Anxiety
0.7292081599314438,0.7454080247416079,195.16881636535203,Fear
0.8363227935513206,0.8741882016315531,313.1358137724405,Panic
0.6311502337230123,0.5661465304067319,225.7489730685332,Fear
0.6681275667989276,0.6983042762741961,184.70734897902744,Fear
0.9507659401138437,0.804134273778381,268.8313752758817,Panic
0.6667545561028223,0.7856665357092785,182.5453378924135,Fear
0.19042756371489516,0.43730215671762807,137.92956995118743,Normal
0.9518010565043862,0.820503192813295,285.96981249447373,Panic
0.14302230732381485,0.4431049997600258,126.92881874479636,Normal
0.6894418763819273,0.7142979907204993,207.70296862878715,Fear
0.13050762358046217,0.23128131428543675,151.02829688565026,Normal
0.16851789733554773,0.40176772596667576,111.71443617738953,Normal
0.1533483369939224,0.36628654855960135,109.43957680010969,Normal
0.2752924653975649,0.38176419040384757,133.72436766415427,Normal
0.9098619542960208,0.8623968040652837,283.77502941647526,Panic
0.6465514130652644,0.6336109830188978,189.21775192620674,Anxiety
0.9564342526182492,0.8248765662482649,305.828315237604,Panic
0.34256427743151424,0.30941533203705085,114.09840429975716,Normal
0.9002175760524395,0.9412386365926717,287.4003386325573,Panic
0.46291718041449026,0.576198899576132,205.9226973661275,Anxiety
0.5736984717536802,0.7884540016949255,222.86464581759589,Fear
0.8793107363979926,0.8263430057158188,310.57070312362384,Panic
0.6192881031144184,0.6062572965213014,185.8274832633935,Anxiety
0.6845405988417796,0.7390044191574117,195.02807392754994,Fear
0.6838242746363319,0.6626700651512115,219.09528490382695,Anxiety
0.8024313542954774,0.9348039838117586,253.62850593838104,Panic
0.1049489145868136,0.29767052774648484,111.48566082997255,Normal
0.6053231122624025,0.5335124914171923,206.634952529514,Anxiety
0.6711009533231753,0.5741394663984176,201.3512855555527,Fear
0.6365533759198525,0.7056331649665705,199.9473694289227,Fear
0.5910802816956059,0.6144323124239934,238.92297222095775,Fear
0.6178697871668017,0.6080705384094099,179.94960694797183,Anxiety
0.957053762303203,0.9202205391248657,319.325324739886,Panic
0.5190797771164634,0.5580047318986265,219.01843704710924,Anxiety
0.6400233052949622,0.793131269915472,186.18728174448455,Fear
0.5726607009454929,0.6210803007084774,224.27309909007636,Fear
0.6664366460185179,0.5613321721848641,211.18225577366906,Fear
0.8528552526317279,0.84106658774136,283.8127788291223,Panic
0.6076751177896962,0.5874015671326891,204.48894246240604,Anxiety
0.670727440111875,0.5230938401194899,184.535016831244,Fear
0.5636668209691209,0.629112424907238,221.74784865932668,Fear
0.9247297556580533,0.9297009640237377,268.71814195002787,Panic
0.6907584621981016,0.6119779443388277,213.81959826172573,Fear
0.27665746746967734,0.35250185426987146,118.77444365281889,Normal
0.5123810917095621,0.4505046294370585,178.70408376557145,Anxiety
0.8211811608807515,0.830965722519544,316.13153811481556,Panic
0.7378114191934374,0.5020046387671664,226.33806090992056,Fear
0.6252848986043684,0.6200279713617431,190.4075845433349,Anxiety
0.19640337821641202,0.4340667848533048,132.51940449338596,Normal
0.9915162030167635,0.8798070635284869,308.78611246650985,Panic
0.6978816459662623,0.564400359191761,219.89967097426643,Fear
0.5516639884454384,0.6300748377897843,185.55752898308202,Fear
0.8168602629222701,0.9614378637582376,310.2923738070564,Panic
0.5586008297516525,0.6308619544625003,170.45270807901855,Anxiety
0.5072929878035405,0.5867189914690112,203.5337762691163,Anxiety
0.6928105446756254,0.5274174458995329,191.95622018800805,Fear
0.8100037153642224,0.9823042586650633,252.0652838601644,Panic
0.15360162074829115,0.26770158200924316,114.85358621679319,Normal
0.5387152076865369,0.5561928826062632,180.76721906912763,Anxiety
0.2682179171495199,0.2202872946340598,157.08944261060725,Normal
0.7269928616361175,0.6149852718926604,209.6100595292645,Fear
0.9088507932227395,0.8400564035735252,293.1748525496779,Panic
0.16333929251491536,0.44691489808531293,117.48974445542338,Normal
0.6242225876860256,0.7762299825390073,215.06693458544555,Fear
0.1834016972572608,0.4162983368494528,154.91543109506938,Normal
0.2666157618817089,0.3968467566880832,127.2607253840593,Normal
0.3184307300455562,0.3594885656711847,150.0185880486375,Normal
0.5606363787036863,0.6123305811442203,216.81403107344633,Anxiety
0.554847402916743,0.5750200295678957,209.25488570478538,Anxiety
0.5543826657550018,0.5903138233502939,210.15787455780782,Fear
0.21738138551096564,0.20707781860066696,112.6017609709769,Normal
0.29111018201887606,0.30241776334399817,139.31042287146028,Normal
0.3310067176064332,0.22797015413728097,130.98546329311665,Normal
0.14641167622531076,0.36605484624724205,152.90143671061048,Normal
0.30662202254894055,0.31155030524438593,148.35067195706998,Normal
0.17745171883061722,0.2624892365994053,130.9003395825834,Normal
0.8509764497829765,0.9485061665680843,255.3645064532674,Panic
0.6473232120799214,0.5269489579201864,215.68942219366295,Anxiety
0.6465894332653703,0.6080541494384872,188.67600884498438,Anxiety
0.7382241625067347,0.7628958299426936,186.15407775501538,Fear
0.11941019399719532,0.40721781906323967,120.93340450250942,Normal
0.31470419279203865,0.3692351957492094,150.27450249110822,Normal
0.8923686962550221,0.8829032129633585,250.92757234527375,Panic
0.1400913515299358,0.36841135436872696,110.75519534435685,Normal
0.6269607234442207,0.646812934691201,205.7765155279418,Fear
0.8003984270438141,0.943747923570706,301.26807343408655,Panic
0.6093573364039702,0.6624108830471807,200.71379722019836,Fear
0.5831496353930442,0.767256660494944,194.4922105021009,Fear
0.6769278512974761,0.6746431422733395,187.1049023505559,Fear
0.6715505366191306,0.5736056942498633,183.46392955350703,Fear
0.6035201597723415,0.6007021499117179,224.96342716806953,Fear
0.604075121481431,0.589219610793024,190.7887551761661,Anxiety
0.7242936842753067,0.7036935479114126,204.71188442504976,Fear
0.58433878154109,0.6500338256229881,204.71748570204613,Fear
0.6650818774572297,0.5066424426417888,236.70685132536053,Fear
0.6014094723308528,0.47930097642005837,186.8603287782876,Anxiety
0.6951088925675929,0.5780711893108712,175.71428849989897,Anxiety
0.7291349555237557,0.5612949150196911,210.46830383752675,Fear
0.29412232566275454,0.35283415055416173,151.43853414165045,Normal
0.8948510041953908,0.91213565898779,293.9898519630211,Panic
0.6286603187271811,0.6703908637351892,206.56582598516482,Anxiety
0.23391414983689462,0.40902942580181223,149.28330177404166,Normal
0.5008591187840228,0.48184660400008483,184.2754390059256,Anxiety
0.890258822605851,0.8366884392806869,309.84818136930323,Panic
0.22108610657287714,0.20334192081484892,124.58435418657635,Normal
0.3008844148656508,0.4254435071365572,112.20836454985574,Normal
0.46049635722739707,0.5698150224786344,179.08616466140782,Anxiety
0.6920164530126897,0.4666411819785557,202.41590037260477,Anxiety
0.21261964286764884,0.3283420525562289,159.35306523746502,Normal
0.6992955884757376,0.5897648212366505,186.05810763179767,Anxiety
0.8140007024266132,0.9458469485827286,292.58862551160126,Panic
0.8739148398853547,0.892847703947845,300.5916426567163,Panic
0.6199889879059279,0.7787865206786179,202.75359223082694,Fear
0.6823368576799713,0.6451968104539242,180.31880854010075,Fear
0.47384290056826467,0.4759196451835691,172.43288318308566,Anxiety
0.6416287623831461,0.5959283969328409,209.09799885789795,Anxiety
0.18755074777268255,0.36936835370586824,145.51011285498345,Normal
0.9342314946759378,0.9240947570103941,301.95772310393613,Panic
0.9324967893883216,0.8693925319469117,277.3528606630746,Panic
0.7316456977400646,0.7276145963491762,215.8293183594181,Fear
0.6435756707361487,0.6631462387345857,197.082320910838,Anxiety
0.5812953432007202,0.6421763660348309,222.98382671748595,Fear
0.6272423985634061,0.6765514805476966,191.12236674495068,Fear
0.15372815925909897,0.3062127107170217,154.47031083301204,Normal
0.6364383447690315,0.5894818612876751,199.23340450829124,Anxiety
0.6265597528872776,0.7465492839756078,219.5706461184462,Fear
0.5577717156558224,0.5873356612256894,196.66256996395512,Anxiety
0.9878136958900583,0.9272748563066748,272.71582601227396,Panic
0.3064794268290076,0.3157786784593779,116.70745278241438,Normal
0.9190606531854978,0.8529270053850715,296.3378261355708,Panic
0.9643295865923542,0.8923045855177214,318.8313959772927,Panic
0.47209623674612966,0.6247372071218464,188.41736068971755,Anxiety
0.5043077216132527,0.5659975328661062,183.20021749797328,Anxiety
0.31979644315031186,0.26084917080463266,133.44023017438047,Normal
0.6645300985627758,0.6459430972543123,191.44924659204452,Anxiety
0.7276236377868072,0.5975871855085243,234.05765374142808,Fear
0.6166929774459743,0.4735818565727609,207.40023681857016,Anxiety
0.24417559971443906,0.21681397849184197,105.69507620930018,Normal
0.6757734319691345,0.683392770864412,210.06739959369042,Anxiety
0.3145058177518073,0.44940707435053917,114.48978911541207,Normal
0.8608060544895999,0.8636208893806945,317.28115909971154,Panic
0.8720853654282973,0.9567476502150473,289.632648385755,Panic
0.8160444492911428,0.8624392736435208,251.1020039096974,Panic
0.9528706772872855,0.9247486169728019,303.3611837150672,Panic
0.4831611444002383,0.5779089294737693,170.2673080427182,Anxiety
0.9249228096229063,0.9728866493736729,291.0855554591235,Panic
0.1173320825969412,0.3595805599479567,143.9802171777012,Normal
0.6914794000065856,0.6167691415075366,193.73252774900993,Fear
0.9736821575882764,0.8758255316751294,276.00401605616037,Panic
0.5819193665554238,0.5029089746424653,219.78155547494418,Anxiety
0.5735369176594707,0.6652613248758279,193.0583450626955,Anxiety
0.6686316438078936,0.5160043990966693,207.28586055315967,Fear
0.6224862645231659,0.7590924263889849,186.6037970520669,Fear
0.8334714064473563,0.9000718892431121,298.3618783585576,Panic
0.9948495308289512,0.8139601309229259,288.82813968460607,Panic
0.25898508170667767,0.3498255290348594,110.76136061735446,Normal
0.46058556969309594,0.5949315392743062,192.64555351338055,Anxiety
0.5839456857153846,0.505743460399051,226.7461551837472,Fear
0.8342868353421086,0.8907157999845668,281.84107099620076,Panic
0.6902300367322061,0.5839837697130296,194.42478163299526,Anxiety
0.7263231279755995,0.6753499386592371,230.02751705512964,Fear
0.7342615024425951,0.6749572412831293,215.5704108304866,Fear
0.5985206951424281,0.6256600514645572,173.32638041054275,Anxiety
0.5669130756194476,0.6820540866620417,232.85838033837945,Fear
0.6226699427870016,0.5991941049904224,195.07878499589742,Anxiety
0.9772186870626416,0.8393307169905918,301.6198260039474,Panic
0.6711458232302969,0.48130513987920787,180.02764889226333,Anxiety
0.324341466447733,0.3556576333996645,158.40295714988926,Normal
0.6851933249223752,0.6439778832018265,176.39684622558917,Anxiety
0.4667541344378025,0.6938357833697676,210.84869536359184,Anxiety
0.6729732758141406,0.526512865880697,197.5938568210593,Anxiety
0.5642069778088005,0.5632379304650086,193.76194662226035,Fear
0.4638056301857571,0.6855958635005692,173.74106025974865,Anxiety
0.8294551127104183,0.9946153595824596,303.15047548429317,Panic
0.47860787965308965,0.4521765367656359,177.7785718434651,Anxiety
0.8652507836082294,0.8598766747410697,266.27541945454817,Panic
0.6566545863756221,0.5413989252509916,187.6848343290367,Anxiety
0.1156412105548629,0.25262673491633575,148.54141841750058,Normal
0.9553606664279776,0.8152959910998626,319.0710371050594,Panic
0.4706842089045475,0.5711344987700027,185.12097556392683,Anxiety
0.6043047014694751,0.4889952159247333,193.9248058127981,Anxiety
0.6511017520779728,0.5432236358039598,217.43990913173894,Fear
0.4935608504113449,0.6688514062804585,192.08732458188535,Anxiety
0.8612926936085641,0.9644762422370708,253.98851088981579,Panic
0.5409524102852333,0.4976814968977237,187.35311842496975,Anxiety
0.6834424674388362,0.7331147856955269,231.73217841949133,Fear
0.8089922883183103,0.8252712962629022,289.37886408911334,Panic
0.6723798277609407,0.5428668156560942,179.75832586093253,Anxiety
0.6441734712446354,0.6968165065927112,213.57473126792053,Fear
0.7176460842163601,0.6084211337201559,231.58768048869874,Fear
0.574646515143265,0.7095591875627412,204.9687220584364,Fear
0.48150050696599855,0.49910480396800433,217.5722412831546,Anxiety
0.2275370951140808,0.38405995253345826,130.77382333112857,Normal
0.6789490497153637,0.5689480177392855,213.1597360666049,Fear
0.28540065486294636,0.269853971044018,107.8992153275955,Normal
0.49631758884583094,0.5196607657787591,180.93549001617916,Anxiety
0.20163919595202606,0.4257976947086073,136.23105895241667,Normal
0.7439853050690381,0.6713781409811292,188.5800673599436,Fear
0.6005596888031546,0.7816684880123825,233.63911230281764,Fear
0.5891962277320469,0.6612802128740086,209.79631935717512,Anxiety
0.7477043295990893,0.5075712037544793,195.1587618372772,Fear
0.31851794332629624,0.2624172381850576,115.79484079108067,Normal
0.25586945762982405,0.3500703651320093,103.2108677747826,Normal
0.6375664409847105,0.48801214185612296,192.91617972937877,Anxiety
0.8399010629859217,0.8587898202033796,266.5959295962138,Panic
0.8080118238101389,0.8582921826987588,264.52786553439927,Panic
0.7071625290936746,0.6769843648405427,180.38611268980773,Fear
0.6401439106138205,0.48862305100123143,194.36326770500253,Anxiety
0.6525844329549532,0.7112249813964018,236.11032520358958,Fear
0.6295731406034855,0.7482659156822141,190.2425017987488,Fear
0.290723333888591,0.211363125108949,138.79602663691972,Normal
0.92302582810824,0.9821211434428844,285.689780668532,Panic
0.8246801630411194,0.925264470331239,269.4929510249287,Panic
0.2095446533120861,0.4097950987450747,109.64077508271072,Normal
0.9507468140856009,0.8431001517735103,273.5204941293076,Panic
0.6311495717119072,0.47789824998931185,200.41597500038858,Anxiety
0.6805918711675256,0.6239061630885145,200.53853653425193,Anxiety
0.6284187153809145,0.7252308947633168,187.52917780794905,Fear
0.15269536233867206,0.3391140514563641,151.3896041657544,Normal
0.6822861793029218,0.5468306294938285,173.30825944172202,Anxiety
0.28735650149520214,0.30777810127425126,105.25291984166684,Normal
0.15860640000287868,0.28627093637830847,101.80623233267913,Normal
0.8587551812348782,0.8082998334366159,294.59662905771097,Panic
0.9222927222451321,0.9356999936585275,272.2284790180312,Panic
0.6739231853889844,0.6798882705379764,210.37981856125606,Fear
0.6054929359449909,0.5844848126316895,237.80161922676228,Fear
0.6195284577385521,0.585755357716691,187.34429881821927,Anxiety
0.6975272115217164,0.5279698589409313,186.99859318966242,Anxiety
0.5282908004574443,0.6623835538719753,174.44948574281733,Anxiety
0.6586429475639068,0.6838711283818739,179.28665360025929,Anxiety
0.5632034285527292,0.49962276865133726,178.24423882825693,Anxiety
0.832558197841246,0.919042566825375,260.5330589704198,Panic
0.6397557607989229,0.7739698041264369,191.36360507309075,Fear
0.5677400631086833,0.6154784081592528,207.55885684770215,Anxiety
0.5182601548319516,0.49429812525279776,184.7133368318557,Anxiety
0.9514096229397251,0.8111211043360922,250.48145735537545,Panic
0.6662406512788004,0.512364551073308,205.85602842360967,Anxiety
0.9769173776459228,0.9791125696263677,313.642268483751,Panic
0.8597714270518062,0.8214114357108373,280.8040632556579,Panic
0.5869264914694738,0.6026322862590783,205.7974571867893,Fear
0.3056236623225568,0.24333576324382022,129.1490457347579,Normal
0.5219863356689981,0.5732048961332061,184.99710348885114,Anxiety
0.6334707827006353,0.6080595377169652,199.180251850405,Anxiety
0.6593391364144261,0.7707239099858311,200.63746119346112,Fear
0.8030353764573654,0.9162834211164042,257.40972651145364,Panic
0.9133210517810926,0.9314060996468214,312.88705266088243,Panic
0.6621159618002097,0.7827977530899892,184.96404237742024,Fear
0.960196140080673,0.8208909036200304,290.38001667928904,Panic
0.8723082797508077,0.8184335916944865,290.9554909544342,Panic
0.11680854502264029,0.3487118448754774,144.33200062798196,Normal
0.6042360068461254,0.6658664325853658,181.15310307713784,Anxiety
0.8345047753892725,0.9135948594632162,270.7450329459302,Panic
0.16156104024265003,0.3058869789979741,147.6142392723281,Normal
0.9939447265595954,0.8862467739583116,274.32631567196285,Panic
0.8231402636360605,0.8054500023901631,286.6510539655017,Panic
0.5953043252072212,0.6841910918975698,195.17148709500668,Fear
0.9377525081622731,0.979548713301945,302.162564675873,Panic
0.6454700796244803,0.6052457328005048,201.75358779354568,Fear
0.8103571777465635,0.9114621150628617,260.9225067937984,Panic
0.6433386241768817,0.6446396296759526,230.45452262417444,Fear
0.5865344768479337,0.54187966020794,214.58834625346523,Fear
0.19615276899469203,0.31478100582167023,118.19715345095698,Normal
0.8033512608984765,0.9358398302402339,255.35977809034773,Panic
0.9063144305373463,0.8065318121568992,283.2917334275406,Panic
0.5124430406116299,0.6135400385715246,200.96195160267908,Anxiety
0.5905472027661313,0.6286883191109864,173.42252262830084,Anxiety
0.5097856363586308,0.5780750867217701,208.678605086536,Anxiety
0.9323555464943277,0.8153606096628844,274.8266343489558,Panic
0.6203382533103372,0.6850457978130207,172.33929224858844,Anxiety
0.6029577550258054,0.5433644862831764,182.7668186881622,Anxiety
0.21102881162408305,0.3875071030355478,131.89966142586897,Normal
0.6145399560743934,0.4675270349103142,189.7629657715579,Anxiety
0.5890820018142698,0.45728879650552223,215.3624472178203,Anxiety
0.5547957189755304,0.49205091394162953,213.9665107839237,Anxiety
0.8191458109488795,0.8635389395094325,317.80722239020497,Panic
0.9916236017838868,0.8440892008490838,312.03272404905414,Panic
0.5661532922022428,0.5449041911129175,185.82933799543255,Anxiety
0.5508026582959556,0.638099470575947,196.5647009175466,Anxiety
0.2952409659111088,0.2995569484895029,126.6342299391947,Normal
0.5792872513205632,0.7498789146722684,212.41779190741843,Fear
0.5974288931955423,0.5322842554279577,226.08769070285294,Fear
0.6002338535096803,0.7532636975858429,209.04123435056425,Fear
0.5185961513006468,0.6753957513217669,180.76022398665964,Anxiety
0.4598173535604131,0.517999651336089,170.31895217032954,Anxiety
0.2741737778591871,0.2810864519237639,114.03381588833221,Normal
0.869161219682085,0.9342186314171952,306.38010301321856,Panic
0.576480922699291,0.6146756755932375,217.1606072482147,Fear
0.3475830759484121,0.2064423996910878,136.21172839006726,Normal
0.8919301639319145,0.8861967803841644,271.31447729242655,Panic
0.1452958197625207,0.3556883508099603,113.3605647473851,Normal
0.8993791037000098,0.9833884096401831,304.34033342611633,Panic
0.5841872804841697,0.6254434364488399,225.43697869653005,Fear
0.6948465095223899,0.7071217165733217,200.4326901287938,Fear
0.8033184961265196,0.9323437365287913,292.17146093766115,Panic
0.5653614882138563,0.5704982832604075,229.8090589798751,Fear
0.7449381192097103,0.5406378610384073,193.8885128259179,Fear
0.519429771837711,0.45898254554649326,216.3458173165554,Anxiety
0.807878366738564,0.9147899732138021,277.5026576225225,Panic
0.28278933611372925,0.4366890087934258,146.89692875178395,Normal
0.8612865645406743,0.8080516006018464,291.1846554688207,Panic
0.24155375393815412,0.20156436775661757,103.71314210082852,Normal
0.9418877729267949,0.8542984005085423,313.29703039852956,Panic
0.9026366167513558,0.8388895288863377,256.5237283693886,Panic
0.3080908849152487,0.4014122013408355,113.45911353121157,Normal
0.514847100185799,0.4718978243514866,174.49581224298512,Anxiety
0.5625146598565562,0.5343635697410573,213.53442277287198,Anxiety
0.6059491935538143,0.5995994882713296,219.7677764525833,Fear
0.5731338451785724,0.56052675866993,186.72005894943743,Anxiety
0.623451389241853,0.5881905920083957,180.81252640932644,Anxiety
0.30135808232499656,0.39004023244753977,109.23399428162642,Normal
0.6334763442504674,0.5366396899541369,190.38578853326126,Anxiety
0.6199243042083363,0.46417010804145886,171.73363521130332,Anxiety
0.18438311647095473,0.4007128022488865,114.79119433827898,Normal
0.6019656275880599,0.765825832644055,233.741396655997,Fear
0.48052787898107197,0.4777842868330031,202.40525172670618,Anxiety
0.618095960822926,0.6565161711370713,203.65460654556085,Anxiety
0.47639788649416,0.4613236609032694,202.81929296923835,Anxiety
0.8720949010283108,0.9342541650458265,268.9450759387236,Panic
0.5560042664298144,0.6333584759150479,210.27714147646174,Fear
0.6943199831416118,0.6484545259770098,202.97114810409988,Anxiety
0.22677060601506666,0.3594754686382404,159.11047330544048,Normal
0.6048474923416255,0.5527976189673728,191.3743227045134,Anxiety
0.616341302104726,0.5751777314591678,202.243061140749,Anxiety
0.9868866077506883,0.9378175307496459,307.62912488760213,Panic
0.8199093025617551,0.9206384331229335,286.6520383006828,Panic
0.4600347147713416,0.6724783440907156,219.59813736193217,Anxiety
0.26302326547041266,0.39522983909652265,147.48781245337113,Normal
0.7231124766344407,0.530852777647243,187.5573117827615,Fear
0.4733178616945425,0.6909557902196184,176.75400731128803,Anxiety
0.9352967499041209,0.9188483654617194,292.2205084086063,Panic
0.4513512309181675,0.45033656773914094,188.90503848937254,Anxiety
0.6421453327283004,0.5065681075007965,204.61771530772072,Anxiety
0.5309548937256079,0.6152851696071742,202.61176765662202,Anxiety
0.8119886601722617,0.8261947485988349,292.4197877089718,Panic
0.6253458213899226,0.4783602042759792,219.84546092946778,Anxiety
0.5696320924798806,0.6822148874613914,186.59857523679227,Anxiety
0.45696097689435333,0.6056830705732084,210.33787818945632,Anxiety
0.4569630602052686,0.6078438315120627,191.31991784008113,Anxiety
0.6310636318747833,0.5731497513054535,201.67058701210635,Anxiety
0.34132568090759996,0.2126041934005523,153.42305925131598,Normal
0.49147525609269654,0.45617103930614616,188.1376800199576,Anxiety
0.5679753703472322,0.6802736016977259,200.4575142861335,Fear
0.6657522615168067,0.48767187175020843,212.57971596521094,Anxiety
0.17333835536025244,0.33136757683897333,141.86996713031021,Normal
0.6013703126314863,0.5269715955040624,211.8765417038028,Anxiety
0.6864811610080216,0.523956024374134,170.05560470980936,Anxiety
0.8163334551720193,0.9848574141589322,272.8076422539339,Panic
0.9186922765409448,0.8032486886418908,301.01446381154534,Panic
0.675676377611339,0.6593157517846271,176.36847367239406,Anxiety
0.5769152534208216,0.5283256692981443,229.89109998673342,Fear
0.8997942233827532,0.8636524082771452,312.598558277949,Panic
0.9457878400210314,0.9559641768020136,258.2753035603762,Panic
0.10340850597645537,0.2806816431816596,133.26140087298214,Normal
0.5525794939579052,0.6620898220284499,231.0690441255589,Fear
0.9647212841596379,0.9797575779474695,288.717837974086,Panic
0.90977456030852,0.875995815793079,292.4994696618504,Panic
0.5064319309597819,0.5474749365727701,194.00236886550428,Anxiety
0.47416120857193805,0.494224237705996,219.3668079289773,Anxiety
0.5511812659574147,0.4719124590486633,173.2905880345288,Anxiety
0.5956786123361704,0.6531184552610428,186.34705121683376,Anxiety
0.8636608189384695,0.897807155061524,310.1689477842556,Panic
0.5288098586623627,0.4833024810341572,201.61981282327542,Anxiety
0.9333234169758745,0.8239123995504113,290.0849997180909,Panic
0.6383680276648991,0.6682148553914161,194.99794959823942,Anxiety
0.5685000875877928,0.7341043588220476,220.4221040125294,Fear
0.17113534641923345,0.3107584265844049,137.0263566657194,Normal
0.596508266324171,0.5678099590365956,213.06305719769594,Fear
0.5716089118752815,0.6435473210321567,215.1338237275981,Fear
0.6428780154996219,0.6129752163906151,211.62085917051263,Anxiety
0.9171175367745226,0.9088689775268642,266.3618554425721,Panic
0.6091330078543239,0.7797633768057353,211.39278329825248,Fear
0.937862082420538,0.8504623854139375,271.54396337052043,Panic
0.580783901956581,0.7931095029635529,212.68633361896732,Fear
0.6325554294393123,0.5412056175519496,202.0482764049379,Anxiety
0.3491414140722456,0.375107949789126,146.2268332644394,Normal
0.5396553954883978,0.6778347975196577,171.04670589133667,Anxiety
0.6810269289778198,0.693794993993877,211.66021782983373,Anxiety
0.6162704437472635,0.702698870662122,203.75623357175698,Fear
0.2690262564535879,0.27680974046193013,122.20147144856895,Normal
0.16271977497267504,0.23011183499914137,135.07258679556747,Normal
0.8691249987152804,0.9631538809270215,282.6709665637565,Panic
0.2264829135798896,0.24048075165805344,139.48613308338952,Normal
0.1265843243370568,0.22853499232740804,156.46289560230264,Normal
0.1287865445988003,0.42081840035655593,124.88953933128111,Normal
0.6727958912546788,0.684928453211561,207.4465833521933,Fear
0.5622892580261576,0.7441170031166683,236.43023717276415,Fear
0.5770710869946568,0.5592917661773391,190.8310937035454,Fear
0.2504516834863618,0.3454341618552967,124.08770674534259,Normal
0.524340382827118,0.490634496867177,203.78106547991217,Anxiety
0.6335914191230546,0.5022077338736475,172.9282652642267,Anxiety
0.11049101836090858,0.2909113397298624,105.91565381451619,Normal
0.5363702134308614,0.6507529703815801,197.01394465937105,Anxiety
0.9356783771006026,0.918554188174037,260.38522361026617,Panic
0.52408145047495,0.485867364254505,177.57227609676787,Anxiety
0.874309302263975,0.9228800014862648,286.65643912382274,Panic
0.7010267234890392,0.6759871754850988,229.70632025633944,Fear
0.6130020744753464,0.7374229251520927,234.94729436724762,Fear
0.6458673900123169,0.5192673124283499,217.0440084779602,Anxiety
0.1807749254165843,0.44693738477479716,119.5410881238372,Normal
0.6944132128407571,0.5120856556333996,204.3253695083493,Fear
0.2056640084472396,0.4489094583987021,100.62961846839667,Normal
0.6462555902438474,0.7429025108797669,237.03196925726454,Fear
0.8683694570996184,0.9747749911042036,250.90350595866943,Panic
0.17008368813785313,0.23304491443846795,126.3913383828301,Normal
0.4560275483521667,0.47911473262042814,176.35481201092196,Anxiety
0.980480655222135,0.8766430731894503,265.1432944341579,Panic
0.3088431325710615,0.2492219679439209,126.46903313383794,Normal
0.9176000926859257,0.8706205777876779,305.98483551120484,Panic
0.5936348659186547,0.7806134483921352,207.96697755950933,Fear
0.919712598643552,0.8828282136431332,317.05621019482965,Panic
0.5829256856517337,0.6245374818604164,180.85985435202008,Fear
0.24290191237073594,0.24620959948675625,103.57522584118863,Normal
0.9575484376604739,0.8566728137782237,308.6066052755273,Panic
0.933304395338607,0.8160211453219205,280.92835933613685,Panic
0.8285921755201505,0.9484587076340526,267.09131261013073,Panic
0.8102300411240796,0.8795586881858197,285.81952129802903,Panic
0.9767129456740381,0.8541239989387194,263.59140083322575,Panic
0.9011393487562748,0.8124082833913109,254.98089752145367,Panic
0.9040898808330572,0.998916397807052,264.12892847546306,Panic
0.74195820408097,0.5146084545199789,185.88046108684446,Fear
0.7144678222913695,0.7708291363893527,211.4939992035503,Fear
0.4613962894871672,0.6864927224613998,212.10826883251906,Anxiety
0.5628913966513938,0.6842319659327847,219.20157571395652,Anxiety
0.4808209448247367,0.5796404221664335,182.29237212467,Anxiety
0.11477645521891364,0.37268157877831576,143.72717333539455,Normal
0.1356391387582789,0.29553486870814233,133.28390819694124,Normal
0.6844779625597409,0.5509617783213429,183.32495330653467,Fear
0.552697202499903,0.5724110190080082,190.7721500296045,Anxiety
0.5949047743070341,0.4555546205063951,219.42699935228535,Anxiety
0.6891801084723375,0.5998399312605414,206.43281421183013,Anxiety
0.47868839985345885,0.5726021297963783,178.47520459330292,Anxiety
0.49475790936039593,0.6493785113241214,203.87729025918878,Anxiety
0.8224728963897971,0.8663972942865406,304.7142790637273,Panic
0.170150203309479,0.2874844633926785,146.94554873276726,Normal
0.8649845588813283,0.9374591125165035,317.3131064932316,Panic
0.15616434941044166,0.2998331450498056,124.58037215755115,Normal
0.9224551531387745,0.8033351626979679,263.6341448381058,Panic
0.6327175864440401,0.5550027510739157,198.917988155827,Anxiety
0.9043768656315887,0.8135946599638808,262.68578927347966,Panic
0.27301263825993616,0.23499684418044073,124.94911408110465,Normal
0.618940323223806,0.6046525722734848,198.42761278023062,Anxiety
0.577043462742571,0.7026368136009277,203.7600579831369,Fear
0.552215710518862,0.719052035993203,214.30735895615882,Fear
0.7314083920830043,0.7974598327482161,192.49892340051107,Fear
0.8605659777957485,0.9461759246644416,299.0507864898985,Panic
0.5394528123338983,0.5984451579858631,198.7796714320041,Anxiety
0.26397582827459987,0.24970351523435075,118.90063043100548,Normal
0.502526798228088,0.6355678480630716,171.2599547410535,Anxiety
0.6446055006686041,0.5129945819762936,221.9603679751586,Fear
0.9389906238686095,0.9134781888312147,305.73705266194713,Panic
0.6526350164564072,0.539151367891232,206.4323495923797,Fear
0.5153332544713459,0.5547748682292712,199.96496435031943,Anxiety
0.14568779149685898,0.27976126858305994,124.93084378372396,Normal
0.8571251977124487,0.946921660142107,251.67623856893385,Panic
0.5709351941071067,0.5385789457881658,214.4310358785016,Fear
0.12285549795428455,0.35642047806533816,133.03190083577354,Normal
0.13134383730846833,0.26340319271492707,138.52519044114393,Normal
0.10564112792633681,0.4154162211747753,134.6270249432744,Normal
0.17901942096081602,0.35674210863217914,148.5036929382414,Normal
0.28746498282206717,0.42826036672246404,134.32737782333237,Normal
0.832924102647301,0.836234370170004,305.34837713301175,Panic
0.6112830898702073,0.6665401360259566,215.27949776782998,Fear
0.5634753743043852,0.7494622359012997,190.63959319343635,Fear
0.8343658920715318,0.903615499608069,264.97962750888195,Panic
0.4536522492772207,0.5400938730907927,200.24197146812907,Anxiety
0.6123447050591556,0.6172191327601713,209.93278901783182,Anxiety
0.5164994232731644,0.5331952172401989,197.87024821570935,Anxiety
0.21462964054675382,0.3411476597333659,139.78163222338884,Normal
0.7132158084686703,0.5056836210123064,224.15507721311934,Fear
0.1718053023012877,0.41993810057358594,102.9532548724457,Normal
0.5614234326740887,0.5412889203195084,180.05576501219767,Fear
0.13453132328506182,0.41477793941172914,130.0034955514652,Normal
0.5391428314877048,0.6779314692281939,172.01444728672712,Anxiety
0.86251960498166,0.8821365266020565,264.67831942011406,Panic
0.6509388090029407,0.4709312344613371,189.29697554684637,Anxiety
0.706378182599378,0.7297575931654227,221.4993391119925,Fear
0.6157116299771597,0.5163398142100513,190.9474824391494,Fear
0.2823274501193015,0.34376514336470365,112.40907358800378,Normal
0.6233922814014401,0.5441681223231551,192.39486097330686,Fear
0.6363036856727087,0.5080561727253358,190.26626803234768,Anxiety
0.9046814370134943,0.9843026783814836,306.84543277060754,Panic
0.19255804642114416,0.3878197310934417,153.81971736186466,Normal
0.8286322715622386,0.9315432294551907,294.9097996679496,Panic
0.6178481322347673,0.5187293981833341,209.17041924629297,Fear
0.6530976810465376,0.47060149296548703,199.9983929130533,Anxiety
0.9750977300791793,0.8604932634922939,310.10886848712016,Panic
0.9570167314479514,0.8547396915356742,313.82730400802643,Panic
0.7390048129161138,0.7047621436301471,199.89701094647003,Fear
0.26733924606018705,0.2578199820789889,114.61426755187792,Normal
0.6124128089304042,0.7407188091660898,231.68508276573104,Fear
0.6390819042211574,0.5252766132253914,220.95915630265193,Fear
0.9503650291913363,0.9623892469275767,316.2024791558151,Panic
0.6458038636641696,0.6508112261662016,219.32815570572052,Anxiety
0.2854944323784965,0.3694308103003301,115.13888416810917,Normal
0.9276701154840864,0.8614291296208423,310.1775709556233,Panic
0.21886892880818343,0.412274504989669,123.00382846349554,Normal
0.30513803481392965,0.3691611587049619,138.1628405403476,Normal
0.9440767997172892,0.9022227276979001,292.3019087568224,Panic
0.9586126056741312,0.9962483194910925,315.27422465128615,Panic
0.8210802754792925,0.9677707723808138,296.9709086373037,Panic
0.33054798201282104,0.23549856483802117,118.25451182963175,Normal
0.4781476166322986,0.5519445086015407,214.3190180980071,Anxiety
0.8141831918975959,0.8699592123615184,310.374755518111,Panic
0.8541118512975983,0.8497583577478355,315.9440753642017,Panic
0.13307198691275957,0.44439749008626084,134.95771876242193,Normal
0.4526788244238397,0.5860643342538127,218.78894092744662,Anxiety
0.6011278187590723,0.658269094699826,190.29578202391139,Fear
0.6381329766848587,0.7639743880181045,210.33124750340943,Fear
0.20396533485198687,0.21578247730199163,123.80530338733176,Normal
0.5646728134919206,0.6989438746925627,215.72198220941237,Fear
0.21699511561951085,0.30267731134791653,149.0574026982692,Normal
0.3050633297362224,0.3621867784737546,125.13818642677145,Normal
0.16921749237300304,0.21151576592049437,155.84944449940684,Normal
0.8641709085499687,0.91921002315219,319.7014116435926,Panic
0.1649008209271196,0.20041093927811243,122.58489775124164,Normal
0.15106052659210722,0.30467378583192106,113.17809571567415,Normal
0.23845586015843137,0.32824483745522687,116.88357893032978,Normal
0.5835629191292058,0.5361090728629958,184.056284968343,Fear
0.6945569201243043,0.569552387514418,222.33376269898147,Fear
0.5780982051830266,0.5372079768646575,188.74124621749988,Anxiety
0.6277502404874528,0.5086248694185235,207.4689508362078,Anxiety
0.6985825756714287,0.5081820872288879,172.69152624542295,Anxiety
0.6049013347014157,0.687399192285115,184.86985346782288,Fear
0.6182488899515441,0.63325502206351,220.53520641404634,Fear
0.7254904253206338,0.7319550503776275,220.29526457633557,Fear
0.7056092612966398,0.6382200800725022,239.3304324782198,Fear
0.5301811311149894,0.5906073435294802,183.97226536594513,Anxiety
0.6576789958573915,0.7976406918435749,231.45183646511543,Fear
0.8534150014912665,0.9069321846151048,310.11330008870925,Panic
0.8806961938054,0.8469508843449943,307.320848936433,Panic
0.6760338381445476,0.46716216653696807,219.59445979737458,Anxiety
0.5982330428615524,0.5700702083205833,184.09119718592777,Fear
0.885631034606024,0.8122850258519666,265.6747211457613,Panic
0.6253733760694378,0.7627714774999684,234.31793994063094,Fear
0.2843524860779865,0.3342603286854936,150.39986563626059,Normal
0.5620453889800595,0.5892950832704842,197.88397207020026,Fear
0.6848035069767935,0.7532944592457147,234.94845500104034,Fear
0.9269813318306326,0.8247692053411635,254.93749463150695,Panic
0.9521771955343019,0.8085479212123903,310.5256648221922,Panic
0.5655713039217539,0.7866344574314204,194.81767001951354,Fear
0.13475055129976943,0.3100177687666246,128.97107646460628,Normal
0.6523560913138962,0.730832773826467,236.087731049567,Fear
0.8028762471968306,0.9605962602618208,318.6555663790209,Panic
0.1710460739279322,0.27224213123026464,122.62323586010193,Normal
0.6386342289756151,0.561363232433572,199.61106996657202,Anxiety
0.5835133078609014,0.5930925446313643,210.20070783636925,Fear
0.6809450696996886,0.6233612201635562,219.8017520408809,Fear
0.9094090691231156,0.8174893003599771,276.41542237576556,Panic
0.14649037688935443,0.43770466497910787,112.59385777517384,Normal
0.9907265215659379,0.8704654108505079,253.01700762638268,Panic
0.3132315959636453,0.22895577055919858,142.35737419480043,Normal
0.7027031687336425,0.5326047618124077,238.87545464347662,Fear
0.8955484252799072,0.8956317847111689,303.7578984643282,Panic
0.8384032169480073,0.8292042038593925,315.6644897697692,Panic
0.9491435332409575,0.9651881838223837,298.7592981500832,Panic
0.813807387382275,0.8669578083781359,271.9592187330009,Panic
0.6815770692302989,0.6047920110607645,211.24034739899153,Anxiety
0.7128767841338163,0.6146370483379919,187.93612290590892,Fear
0.7435485649667432,0.69732961498178,213.86372282033938,Fear
0.6002363711344297,0.6240199653917597,188.12509922657566,Anxiety
0.9425331237973089,0.8386320016816866,282.9915792201885,Panic
0.5860317295465238,0.5329589341222349,233.0210380612794,Fear
0.8398690978942367,0.8824732974549362,255.05938633012235,Panic
0.6132202623093941,0.5167222560762326,216.58876569288702,Fear
0.8174142411154617,0.8404298798450542,288.1843238346385,Panic
0.6095954470991688,0.5269278501680471,234.64957588117892,Fear
0.629454294568092,0.5736651877833473,228.7395708148237,Fear
0.6815148899545663,0.4904236383184967,218.29161598591662,Anxiety
0.6286739188089335,0.5100548583020964,192.18856695461227,Anxiety
0.2384983138757827,0.3336398047890772,111.72748002210399,Normal
0.5253657648647002,0.5998432482179965,180.0631894067236,Anxiety
0.7019647316856776,0.6016470447268423,237.12374679834016,Fear
0.5957819558632174,0.594741330073951,172.72559637189133,Anxiety
0.16426567304730216,0.31625908355522747,113.61871236829126,Normal
0.8174218578922868,0.8974768883344086,298.3991240259206,Panic
0.7423101464275133,0.6334557298482623,209.342904026957,Fear
0.7334441183649726,0.6660675597987074,197.95392025806365,Fear
0.6529516795877215,0.5354622604793146,191.684716566019,Anxiety
0.9665874784637323,0.9971536499171483,305.38990047476784,Panic
0.6746420746136014,0.7224881862355668,228.30583872246808,Fear
0.28620626888247824,0.31148888627302546,101.20139378393125,Normal
0.6847512459568179,0.6351051157342379,224.93778905162392,Fear
0.6048010793230387,0.570073564697839,203.08519227406734,Anxiety
0.6591391937626052,0.5612193165639802,197.51467040986844,Fear
0.5553735308089871,0.6141445656479108,186.36753512945972,Fear
0.628781254954222,0.689283708134949,191.35525226801715,Anxiety
0.6099337367682982,0.7886306312495083,212.13807003525446,Fear
0.6004345754991061,0.6340179406107922,187.4069919486213,Fear
0.5571910727786709,0.46344549104434446,171.10429226505897,Anxiety
0.8484707390273525,0.9326621419008004,308.7369789159728,Panic
0.6345420676342108,0.6642411036940596,216.93573176870174,Anxiety
0.946250117869475,0.9539493245714175,318.2787257379322,Panic
0.5273531987176111,0.6841811389633725,195.78382755385365,Anxiety
0.32434932958039653,0.2298452528345492,119.6705702731491,Normal
0.9228266352375036,0.8651649168038897,263.42153521731865,Panic
0.663636848300545,0.5350010965149731,213.48248424060856,Anxiety
0.8168528732311703,0.8712186170332844,297.62690896337654,Panic
0.8860693064744402,0.8330999549327311,299.46228902959524,Panic
0.12977663396917907,0.23513678199888574,117.18842426467502,Normal
0.5582994651019814,0.596620260558719,213.58467968002049,Fear
0.6821492203826596,0.6346858774039825,185.31339435023074,Anxiety
0.9438490401151663,0.98603304057251,286.9311581290516,Panic
0.6564445749712388,0.7464924709336866,186.0827905481918,Fear
0.8605550256543935,0.9064941815767795,289.5091611445823,Panic
0.4936474628117966,0.626856568790483,205.58889724954747,Anxiety
0.34245471615844614,0.3819077844249222,155.35622542563746,Normal
0.28028308933920587,0.2459461662769753,119.70312997699632,Normal
0.9246759131919814,0.9204938340914532,284.2850107591769,Panic
0.5199090796233016,0.48409258186689147,206.40061288980988,Anxiety
0.30129359934009414,0.24644423867467696,105.09797739336798,Normal
0.5766714477135007,0.6640002687232882,207.4976840901204,Anxiety
0.6616342367780882,0.6041007006236601,235.97206140759798,Fear
0.5469585673927736,0.5219699195174202,206.23481271309123,Anxiety
0.5573425886966134,0.6424307018130954,200.17940365622002,Fear
0.8081867888748692,0.8099322982919438,293.6463436621908,Panic
0.6470035975048083,0.5256209090488165,238.34768340167415,Fear
0.49489994536002396,0.5203376554634604,192.8787666125216,Anxiety
0.20728737298958044,0.21872396050049595,106.36962121284803,Normal
0.6614168372746928,0.47855928464784897,182.76766751144507,Anxiety
0.2921867828406282,0.215486629644747,134.60847517829535,Normal
0.9583871245927529,0.8804614082764745,279.74674633437013,Panic
0.8235944967256124,0.8090302728824584,280.65299210000387,Panic
0.16272257913352617,0.2251406830208611,123.59568910595291,Normal
0.562269628533719,0.5944032701592834,198.54535268760725,Anxiety
0.6200397362046438,0.6851658748983375,233.08847682183904,Fear
0.12487366721824117,0.3916489861780129,157.97645786489116,Normal
0.6629279715792404,0.6549882775562826,197.07602293828086,Fear
0.1713014506701035,0.35769260504315514,127.33897296639265,Normal
0.8402927842107066,0.8530417073993659,261.88314409749785,Panic
0.6811604477821591,0.46405607371274304,194.281714920667,Anxiety
0.2368311710848715,0.2411498184248937,103.83278604585416,Normal
0.8686550978128897,0.9704096831609386,289.14526922379207,Panic
0.7003541575365957,0.7718700558305416,224.60611043737165,Fear
0.6253972334573683,0.6809639186298513,184.7829043912371,Fear
0.19852253819362575,0.41273797485170005,120.75153147851616,Normal
0.9163443054946954,0.9532694426209305,278.44915756018133,Panic
0.23433512421079528,0.24798885974893145,143.1540651426488,Normal
0.13282199300120606,0.2774229277762973,112.10769689514741,Normal
0.9339508902436495,0.8804746101444936,270.8604800035629,Panic
0.8368089544100428,0.9512902175977824,283.19105621153557,Panic
0.9391589933881491,0.9888417676692215,319.68576776111064,Panic
0.21713924864778367,0.23698958352735147,159.0792686554504,Normal
0.50150141963801,0.6880239129132308,187.09328843990755,Anxiety
0.8851011318543686,0.9130831879505076,251.47064098904525,Panic
0.10219430298698237,0.295533227206497,118.10856217976162,Normal
0.12167664189891006,0.33459077552525573,154.79378117675623,Normal
0.6742372644388166,0.5362239907690041,238.61793276759735,Fear
0.7002846635062605,0.7824003178360706,220.5970340131504,Fear
0.5698459192189294,0.6285932837625595,217.71013021417224,Fear
0.9401616836003481,0.9530632599050772,315.0582438694408,Panic
0.5564902153581351,0.5706764684734033,198.61842694750186,Fear
0.19680578530255172,0.27069136426502466,118.26942546124182,Normal
0.6796304006926295,0.46174812525077935,186.94065108024242,Anxiety
0.8754403564915277,0.9603680336905612,280.4171674313147,Panic
0.31262605708214924,0.38521731709630447,132.55439961795733,Normal
0.1815551267452329,0.3890480585266951,123.6253084939244,Normal
0.1333361168290926,0.26063606914574267,117.50160704329517,Normal
0.46461449680921924,0.5249823493682666,193.7154332434215,Anxiety
0.9327485477250774,0.8236476784944281,316.7761648745643,Panic
0.5958268120460511,0.6710858569928219,177.58714564765262,Anxiety
0.18473619383711215,0.3989150576653605,104.64897842754316,Normal
0.8821463086982024,0.900927457595487,250.51471311880988,Panic
0.4827646577010726,0.6493485894769446,195.39743459532042,Anxiety
0.9958063681583335,0.8841473125137234,285.1361783592289,Panic
0.5667195247807761,0.5399299654775674,196.8077693126368,Anxiety
0.3160915666139933,0.3142220179343167,128.50650189591013,Normal
0.5688659015422801,0.6392319148353603,204.4560545247879,Anxiety
0.7225919246626037,0.6441679822508805,184.12523438534924,Fear
0.8060831761615936,0.9453753812279544,311.1809569916101,Panic
0.7152929218984366,0.6673066073556359,183.27661819280814,Fear
0.5278454849731461,0.5504242231899441,195.1375095804806,Anxiety
0.3144644458793722,0.2762257810962659,111.56058378920201,Normal
0.652637978341966,0.7146143051535966,238.3956529818295,Fear
0.506870400923385,0.4915462499024373,186.63647382551895,Anxiety
0.7141089295491975,0.5021426245304735,207.40383557315042,Fear
0.14479097957253773,0.4227850229483774,127.62132238808961,Normal
0.6203769668694014,0.711684591435288,211.29305903465803,Fear
0.280114185365689,0.27045625082386804,111.05808381700595,Normal
0.11980328750209271,0.21176459486500473,101.16688302208487,Normal
0.6435441231942302,0.6817690445538449,205.70110803413078,Fear
0.8580510210745059,0.9123870507039327,257.83542046943523,Panic
0.6733261234470307,0.558209980264293,196.77712365488992,Anxiety
0.6001746943432221,0.6528969352411282,234.5319243791402,Fear
0.867163272928307,0.9230139508029396,314.8835293502105,Panic
0.682749654928146,0.46262684809570165,197.36523720573422,Anxiety
0.3397179682976025,0.23570357611821685,134.7897745628635,Normal
0.7404287834152703,0.7470936784259273,222.54009067958276,Fear
0.11374157670995552,0.34463545455088285,104.95432948211663,Normal
0.9460003442161723,0.8715509526587428,254.47306594338616,Panic
0.5291142827186041,0.47174175506398325,185.16098919221253,Anxiety
0.9425764738689473,0.8785818671209786,268.10976631909443,Panic
0.3273988477777361,0.20154595566022418,148.6410142202555,Normal
0.9359409557153668,0.9140363263509388,292.71372062900844,Panic
0.9075080287280692,0.8028393268943448,268.03423991344704,Panic
0.937667682309313,0.949739695687831,264.91994835197556,Panic
0.6075022398767518,0.6614660305605427,211.9994128715763,Fear
0.47424469062902386,0.4639267090288113,176.46119000513747,Anxiety
0.6496666056588475,0.680973626805209,193.63566321357973,Fear
0.8207512687071713,0.859084407262753,256.33916273206444,Panic
0.9222683312495452,0.8741947425184339,304.0506419331087,Panic
0.802732337094122,0.979145271103023,252.0261021720357,Panic
0.29544495648218155,0.3210432580408519,147.64086701595778,Normal
0.7093289738030276,0.6013944651409509,222.329401480387,Fear
0.15609574494994888,0.32612573101370895,115.65095475772533,Normal
0.8370817700748109,0.8364126257763711,285.9004015563894,Panic
0.6917421286545788,0.5927997959907284,213.17157888946923,Anxiety
0.9745039903658725,0.8488295121013815,281.50769010795204,Panic
0.9436028356254003,0.8744087135624415,256.4714661925947,Panic
0.6024970015801182,0.674364643246815,223.09007685363082,Fear
0.6916835568837769,0.689534529951124,182.38158215357194,Anxiety
0.622530779420502,0.6593623987708654,186.14948415884342,Anxiety
0.5302492614102244,0.5815235033128855,204.38846031828675,Anxiety
0.8239061739094156,0.8460638449365756,257.4488234031991,Panic
0.877257541029109,0.8706946384121441,272.0943250757007,Panic
0.6871300818784787,0.6277900218819416,170.3398274293056,Anxiety
0.6937260682025587,0.5527783542487121,192.23563884291679,Anxiety
0.6782049715270709,0.7358994966185122,204.3064832752714,Fear
0.27899617338543103,0.35183110419826646,105.31470037819864,Normal
0.8015533284307937,0.8984184020700197,319.0541181100211,Panic
0.8421939781239901,0.9683244015085548,252.1247663873103,Panic
0.6334783248012201,0.5929006611203878,236.26954799910402,Fear
0.7406614335164745,0.521799676274347,191.94560519615555,Fear
0.5050225165118181,0.5134961883440634,213.8846089413924,Anxiety
0.6079455967476429,0.5716255313258072,192.8125712694205,Fear
0.28060284611588615,0.20184797536107327,130.54812477529595,Normal
0.19772935671029057,0.44411413235885255,157.27998141274412,Normal
0.8888791236902162,0.8606565878809055,300.16244092720217,Panic
0.8533589098867662,0.9011851600292788,304.44095370474554,Panic
0.636650801161051,0.45314910031794675,202.2242530760297,Anxiety
0.528208549381055,0.46522638580879566,205.0782632801471,Anxiety
0.29442937226813765,0.256459908055848,110.56148530246803,Normal
0.9532490945520757,0.8608189271942568,306.81389101113973,Panic
0.9632184705828523,0.9967812727794327,313.6820580698879,Panic
0.99747369446244,0.8450322048431864,296.3622539477708,Panic
0.5828698115704551,0.5644908036223839,189.83946627072922,Anxiety
0.6636537232537537,0.5823997609363716,208.46609484883044,Fear
0.22956993017217775,0.3805540246684116,110.44940154372378,Normal
0.6763444836653169,0.6556243541344129,183.06993038672854,Fear
0.8898536316931274,0.8592889775488306,315.07547253909297,Panic
0.9008265683836877,0.8645619586895701,268.06753502213905,Panic
0.23849487180502013,0.2744887328292164,127.30453813122307,Normal
0.691524117148107,0.5318641482765368,226.55263526818158,Fear
0.7299486156817744,0.6885220872922969,206.31894110615906,Fear
0.3085811989373496,0.34433835030491694,138.78444251368535,Normal
0.7113547139297535,0.5755420298152645,229.42478327704802,Fear
0.5662894425782319,0.6305043783020671,197.55930586004447,Fear
0.6030226500830298,0.6296031676791088,239.9429698862187,Fear
0.8326708899486314,0.8208626174703765,260.18608379511517,Panic
0.5810490677658269,0.6167338543893043,183.35720349353247,Anxiety
0.2623890016892404,0.41699989797377246,149.69115215940718,Normal
0.6107760881544626,0.5289358506210092,201.07593620170243,Anxiety
0.6014958432984939,0.5406984401481133,195.60288241514604,Fear
0.6273392899974924,0.7463427274161042,238.1694539643707,Fear
0.627587875178083,0.47812578263165795,206.79602031869746,Anxiety
0.3145516977442574,0.2426502811554111,126.2054690708245,Normal
0.6027102958993555,0.5837391412322809,235.8403353337439,Fear
0.3495499769164044,0.21874001086750328,113.38058941202398,Normal
0.9948878621276951,0.9951203838313305,254.56937302965247,Panic
0.9361906582807152,0.9758648926725122,285.99589078861845,Panic
0.9300374332891307,0.9964965161202496,313.82729986776127,Panic
0.6676731378435313,0.5637992859534029,185.82109309422538,Fear
0.6902998202930333,0.6378030966781869,183.30609210952986,Fear
0.64272441486869,0.7352813897920151,236.8128117804614,Fear
0.6123305833309298,0.6575954793352164,183.9633184693296,Fear
0.7327752580643593,0.7943134586763398,219.7086437144655,Fear
0.68650234602324,0.6986696474988779,222.91933863174813,Fear
0.4642735844769859,0.5357629331299126,203.34679926019533,Anxiety
0.45994928183391315,0.5994205838808647,213.4847942425817,Anxiety
0.9945587403312888,0.9966129399229641,284.57854043981314,Panic
0.6841530050886071,0.7463778261118537,194.67930327628278,Fear
0.8274454293233743,0.9875322921233184,274.6350839512244,Panic
0.23764265863534104,0.24812328765895678,106.11272584837339,Normal
0.9262098786540441,0.8049968164563699,300.4507578418675,Panic
0.6609321981775643,0.5595110189763459,187.119756164793,Anxiety
0.595633444360184,0.6209470502224687,207.6559423589837,Anxiety
0.5873180193746336,0.5564696599307137,191.05491909436046,Fear
0.7395592132028914,0.618977172315899,187.49220461435536,Fear
0.5598009289942547,0.6718310830060837,229.16974112316313,Fear
0.23534065959903297,0.27101459726010724,159.68649727443437,Normal
0.10665209151942104,0.383807129525399,137.5389947764872,Normal
0.6289051792429464,0.6217353587508776,214.65568706612362,Anxiety
0.6204962093886702,0.5378330425035875,187.79142080507287,Fear
0.2898097449142487,0.3549369636228915,104.64469311908503,Normal
0.5868202646721914,0.5316951036346792,228.77105829220545,Fear
0.18058120611735623,0.3942234370512182,104.24748616067046,Normal
0.7168916505712193,0.5168641716379635,224.8512382047903,Fear
0.9900614027472363,0.8599876979596127,251.34175212674845,Panic
0.9915942132964908,0.8066847144871008,290.58549906830683,Panic
0.9577854047897759,0.954914416634873,265.24102297780536,Panic
0.5735927027614395,0.6787087374992194,180.58571860739855,Anxiety
0.9842287760361683,0.9952172048399144,265.559793664701,Panic
0.4866536392899606,0.6114819732557598,181.64395730759074,Anxiety
0.5934822840307455,0.537694405752578,211.634687317471,Anxiety
0.6118925152892365,0.634391496914657,204.3283005798251,Fear
0.5504646812263861,0.7951792820427207,234.36825216764876,Fear
0.6629188162580644,0.5756968232791235,234.91739642275644,Fear
0.975749304735386,0.8393334464780615,316.3109999594047,Panic
0.7313971036876488,0.5506248315194688,238.0996176059553,Fear
0.6867950259830282,0.5570683792460412,211.25314696204074,Fear
0.4970756312292766,0.5259337615562748,174.65087046313374,Anxiety
0.24364554938796987,0.3286960587332836,130.79563027422654,Normal
0.13534588855408505,0.23258010829308398,138.60573697103985,Normal
0.6600047079801745,0.5862455695250045,174.33914770324952,Anxiety
0.6553678131940477,0.5385161405887735,202.79103836636963,Anxiety
0.5958787004308764,0.5654909335434537,183.28159047457606,Fear
0.8532202737074618,0.8078012841525637,281.8896747393076,Panic
0.5776300653247112,0.4851479795433414,191.2391670762093,Anxiety
0.14090405103456907,0.3729444097854956,140.45761442200148,Normal
0.9371303498530399,0.8452554668287614,259.22647809276754,Panic
0.9597111676261199,0.8214058268422076,304.64895129201403,Panic
0.3042767747916903,0.3120866176311584,129.35433168566647,Normal
0.6375530109976257,0.5931112667324361,225.7277772270195,Fear
0.6398549093913299,0.7821491595539032,237.17006335023507,Fear
0.6974862882854245,0.5758512202070868,184.03707677529087,Fear
0.16785771606901329,0.20092560170810422,109.7536723558849,Normal
0.16428808777727394,0.3798470388937051,101.68729037667542,Normal
0.17488907990372432,0.31443595429155335,105.73354623750011,Normal
0.8470062597623838,0.9304562225636892,278.3637999802731,Panic
0.5847921775392452,0.5138589449604887,214.77580364476043,Fear
0.6039260017534366,0.7459031008341378,239.961018028332,Fear
0.5653591368573468,0.6241118095730092,220.7332402313271,Fear
0.6789535870476859,0.5757188800163962,209.75551412633624,Anxiety
0.747698096897361,0.6032924099959878,183.705743177412,Fear
0.17485578120077666,0.22503874937669174,116.30305593389079,Normal
0.8407510971699887,0.8521323309665874,256.47699880567035,Panic
0.746276666848256,0.6889050785777608,204.96965678436948,Fear
0.3265252321701064,0.23443352472195217,103.26088590091942,Normal
0.5640137391442379,0.5169876672132674,187.22268897033203,Fear
0.6466264283820304,0.5109270529760856,185.294740663076,Anxiety
0.21147165496495196,0.37714588644195635,143.91236423719005,Normal
0.8721612622756005,0.9505694950182768,285.00237408987255,Panic
0.8723080375525913,0.9069598932562385,319.7357145131247,Panic
0.6769859460235488,0.7576797047974183,200.68618601399245,Fear
0.5988537004050271,0.6716488603755996,190.5471276175055,Anxiety
0.5997594127506296,0.7730649964899934,189.26494545235278,Fear
0.4733898517280839,0.4541678876499083,213.67671321226072,Anxiety
0.889935395436744,0.8690529104114106,262.0929729372347,Panic
0.6512089384823674,0.5487533195892369,237.58474328771814,Fear
0.6293431935157433,0.6160848416514205,187.16888947872863,Anxiety
0.485969038847445,0.4521547506479451,170.9986466289014,Anxiety
0.6370585448375269,0.6575461682334885,191.97772845959506,Fear
0.2056716549143564,0.3795170403002152,126.56162211804616,Normal
0.853837947894661,0.996451212187323,276.8032109826072,Panic
0.5026907748574766,0.5091801189634583,201.40152322847686,Anxiety
0.24455459530582235,0.3494081099672251,144.33582732096835,Normal
0.6173170729377087,0.5620213718207692,194.3950097639651,Anxiety
0.561145597140197,0.7735183545024898,222.12495401306978,Fear
0.22004587881547194,0.3214714015474033,133.9511072446403,Normal
0.31723977625522404,0.4261132028906235,100.04486250223187,Normal
0.6672470997561524,0.6477101146103748,191.53894636706104,Fear
0.8435449797597805,0.8500680534762772,308.2207241913563,Panic
0.7404528029066745,0.6599165870284134,217.8926627205696,Fear
0.7297335403105327,0.6369526566024599,188.96617551109765,Fear
0.25573851104584544,0.31171854880010974,146.67909829425622,Normal
0.8101605179377885,0.893660118291277,309.71897203371657,Panic
0.6920843630024823,0.6256770874378756,211.03633018525863,Fear
0.8056457519301413,0.9710330689942945,275.1129033414892,Panic
0.5964520985538111,0.4773705915172485,218.29183344037918,Anxiety
0.6905532275289861,0.6911220562559635,184.47181840150108,Anxiety
0.6442053418100702,0.6183549322278581,200.72497301275962,Anxiety
0.5700915099361937,0.6527473896687808,181.48019727242922,Fear
0.6970034905163554,0.5473474449167184,206.63063496201994,Anxiety
0.9601072210253495,0.9691284183248843,294.46854911513566,Panic
0.8822254556518758,0.8468650131301054,251.37560379227935,Panic
0.5707273452961592,0.7107216097598607,197.96746343605528,Fear
0.45177295319359273,0.6200626720825935,211.27199478743142,Anxiety
0.7460522415632997,0.6950339670257641,224.5213471127856,Fear
0.46121513940692926,0.6056367476155704,185.4458861421883,Anxiety
0.25593593152189886,0.23350622357974796,106.94560277477947,Normal
0.989430587201271,0.8812925435904144,304.0285224661077,Panic
0.47016744184779435,0.6180870669107161,204.45907052137585,Anxiety
0.7372986662620451,0.7476604524561248,227.47864285876,Fear
0.5855067674165949,0.6920522102157263,177.39262189311918,Anxiety
0.3380650195905809,0.21246503659979107,108.99455519482838,Normal
0.6912321503754564,0.5183855072504843,189.9829001042877,Anxiety
0.992073354924426,0.8089176185468289,260.0143366906382,Panic
0.6902727120620883,0.5043118855333333,182.9707577821376,Fear
0.3056643671201068,0.20332030086464503,132.52091790878356,Normal
0.2784265646691768,0.40453639528195035,140.0399109800616,Normal
0.2258051037146586,0.391287212465316,129.11743804370292,Normal
0.30480855302560506,0.33413140209836206,151.59644285100455,Normal
0.9226232478138483,0.8314407767113909,317.36366402368446,Panic
0.6406335094438836,0.5962327234946804,183.31157507494052,Anxiety
0.3009233629693256,0.4044555183915477,158.7368413512797,Normal
0.8413068807944013,0.9470052298210198,310.65157442743293,Panic
0.586728878448281,0.5865619000327127,174.47365614051935,Anxiety
0.5242239185670108,0.45015687915711405,218.15470654489013,Anxiety
0.4726802206869577,0.5156738692504839,213.73830312769968,Anxiety
0.1254729384928882,0.20398006681569966,136.97097791275584,Normal
0.5390168247797862,0.6472284907414667,181.68452244126817,Anxiety
0.85483280753446,0.8640113453770583,303.4205040421893,Panic
0.575360359825352,0.7599787065786511,215.61451526485789,Fear
0.5222841796046902,0.56282129429441,175.84915231926288,Anxiety
0.2897170336044874,0.22644913006819975,130.36839116167866,Normal
0.1479178297075686,0.31863608753963907,121.68922898930873,Normal
0.657137794091206,0.6182571483799724,230.8921877131737,Fear
0.868193312692497,0.9610932566081174,273.70278603788427,Panic
0.30798538542201304,0.30087999811005284,119.9979915922315,Normal
0.2815153315156186,0.42944316312360986,154.5008326145806,Normal
0.5716206914331057,0.5335113871049899,175.34104964819954,Anxiety
0.7046335383493918,0.5318797714377188,226.705704406884,Fear
0.2151681979137483,0.2767719358400622,102.10955501627166,Normal
0.6693274340482589,0.5225904713416702,174.10053706040938,Anxiety
0.8894605512505201,0.9931035836469533,276.4143934061218,Panic
0.14610879764606624,0.32437910671860837,116.55692968943126,Normal
0.1514970460471183,0.377324031785192,101.26898940096498,Normal
0.8978558522103206,0.8572179844062522,300.5938073207557,Panic
0.1512448082064777,0.3854988477815431,103.13674619612557,Normal
0.7136601018878763,0.704997908788319,191.01384685301596,Fear
0.9445367148948973,0.8638450595572378,313.41381698642533,Panic
0.6035054060496685,0.6557620923810381,194.06220544067253,Fear
0.5891960369403524,0.7831299146636044,238.58937966887322,Fear
0.18038325220958518,0.20866267745350428,107.63349321622064,Normal
0.27559968027014964,0.3647254516437143,159.347519146524,Normal
0.6321592555792248,0.5820170202330197,180.10404680432603,Anxiety
0.4509795937377733,0.6998651702649182,210.1136848573739,Anxiety
0.600711595098909,0.6318841068075356,175.7577893701435,Anxiety
0.8569349477692928,0.8751942443858278,302.9417067886206,Panic
0.588999347504204,0.5940432079539352,217.23341082140752,Fear
0.5526246784243448,0.6832982292622545,201.87012406046108,Anxiety
0.656569426456652,0.6413965382315205,238.86585747081057,Fear
0.6689832555465511,0.6457900072569757,178.40590487988626,Anxiety
0.5554941125025971,0.6210877685809691,239.61469036915312,Fear
0.9159542883524959,0.9080434533557238,253.52260530542648,Panic
0.6510707336475653,0.703991513026813,192.17239055485408,Fear
0.6946660607987927,0.5408168703294929,230.16473404771685,Fear
0.6807934971548162,0.4539629605579691,206.49617596429107,Anxiety
0.16366594147249047,0.322237731609613,124.44447288128113,Normal
0.913303633117566,0.9299085917207321,271.1836228050129,Panic
0.6064602987455939,0.4636273193534299,211.82198686880616,Anxiety
0.7271118887171263,0.503003123167741,232.9445511866273,Fear
0.49942257577862187,0.5297043307182512,199.67482079109257,Anxiety
0.2247771645269016,0.22753557072974162,123.37096155672452,Normal
0.7105394810672043,0.7364105448725067,197.83284683070576,Fear
0.6013660075450371,0.5277549863549283,186.05649753338392,Fear
0.7065491348502774,0.7812443517197314,221.51564179599552,Fear
0.5782487396053115,0.7761884410132328,185.61797360001776,Fear
0.8145044633908963,0.9406560108084501,278.17684488430996,Panic
0.6543423602733837,0.5788009205991453,226.0367506509378,Fear
0.6017114527280492,0.6011637471218857,204.13562482101253,Fear
0.6204463744471136,0.6721881209375681,204.62570063805964,Anxiety
0.5376774469980211,0.6432100208566258,210.15852558163655,Anxiety
0.6540389215447772,0.6697226078212705,180.91863519761432,Fear
0.2996133762627976,0.3768070820838558,111.42290717782208,Normal
0.625856678345509,0.5141674629484264,190.58638622822102,Fear
0.7471868337249836,0.7342046224063588,203.4143129750397,Fear
0.898656165467712,0.8007919886024286,285.08139120202435,Panic
0.8757406711162319,0.9686289730059491,295.09491111927326,Panic
0.883896297017964,0.8781387074201898,296.6081579356304,Panic
0.8189698386506312,0.9088252003926202,301.83566648528233,Panic
0.5537889190143276,0.49230076291931296,179.37636114560834,Anxiety
0.2800278333787364,0.22153394288725908,127.82858948046257,Normal
0.8574329530261116,0.8655494451792256,258.0923927428058,Panic
0.5874692302890526,0.6048956482067717,203.1745172564355,Anxiety
0.9981497618786438,0.9765646325356987,283.1093415588707,Panic
0.58132256297853,0.7924280244008586,230.55229376391821,Fear
0.5601706847271642,0.759067040899493,200.45686809855658,Fear
0.6095561037601529,0.5375017171182946,216.41862759903958,Anxiety
0.6405508675417481,0.7506620673631123,237.696765505997,Fear
0.5139165558329536,0.5411416068799662,212.18402648324889,Anxiety
0.5853009414428245,0.6509649715622057,195.44426275871228,Anxiety
0.2784018415658679,0.25187787384621974,134.12876418603236,Normal
0.1256240822973032,0.33386623741423854,105.10861819336493,Normal
0.13569640916697118,0.2973586700194183,157.10214438343223,Normal
0.3481563871132175,0.3745844928198507,117.62766823925965,Normal
0.5666515316101265,0.7173673727476455,198.69073794083917,Fear
0.9406399569550974,0.8043400190551083,294.183165464205,Panic
0.6264726662123257,0.6329382035968744,202.57142812617732,Fear
0.5407164542487759,0.6002727918490757,212.430327594939,Anxiety
0.23106368013443415,0.36768183136065025,116.1663667782193,Normal
0.18554660143966434,0.24861587979557845,133.71688659959437,Normal
0.6795440108841224,0.5087898329310255,217.0861779337018,Fear
0.18999810469476447,0.2191808498640057,125.57786304420556,Normal
0.49833480840301303,0.6876861783031679,190.4349781135467,Anxiety
0.6678721354393471,0.50937151059055,218.94597780599497,Anxiety
0.6576189328242222,0.65261179526488,194.58747182536013,Fear
0.8251411813024232,0.8828868093936663,303.371116535737,Panic
0.1715699655279852,0.2618657453082866,138.7142586731999,Normal
0.9270855841405944,0.9611527836586663,307.7674066656527,Panic
0.8547332769842916,0.9960010926393634,291.73810026628917,Panic
0.3498340699958761,0.243833560344215,100.60686589965015,Normal
0.9138460424182896,0.984154169927215,317.78933913502857,Panic
0.6887557299029171,0.6799087270070185,185.55973689020047,Anxiety
0.812979855907682,0.8931451155334995,266.81715129250125,Panic
0.2573559277792751,0.26422857117307336,148.04816127871146,Normal
0.8328540898911857,0.9007438869179912,308.11420190420336,Panic
0.6038628550961015,0.498172773673242,200.31930584915264,Anxiety
0.5918696798768198,0.5118252755361089,224.47852250104575,Fear
0.9895539164064296,0.8107394157198614,257.4371995928692,Panic
0.23251308480309518,0.20696026281564658,114.79938681068667,Normal
0.9465754905767797,0.9016710975129185,319.42822547245413,Panic
0.8559533861774082,0.9129905215304946,256.16995703735546,Panic
0.28181711761310846,0.35843852179758406,108.4304381865156,Normal
0.519472781496939,0.5745473247934948,186.47652068869985,Anxiety
0.9837494609608504,0.8880748446050422,288.4145901484108,Panic
0.5907022216663773,0.7620083353524314,183.58573645070305,Fear
0.9045418908135202,0.8047183935561593,278.9613028306231,Panic
0.3351725469308079,0.21194534117035135,121.13385850424471,Normal
0.4973797608093442,0.48140390328905897,185.55035018354437,Anxiety
0.5463881253729173,0.6788540503666758,208.09671878715486,Anxiety
0.517354472332393,0.671860422688122,176.86516875708023,Anxiety
0.602454864362997,0.6308211440657938,189.4141574487672,Fear
0.6274492096406951,0.73532169968252,209.57377713507617,Fear
0.630362289277393,0.6853197322266995,214.08176745877054,Anxiety
0.4688833172892269,0.6044666636030092,203.29288831081385,Anxiety
0.8229483916676384,0.8252275316032305,287.067353051572,Panic
0.6927304148987485,0.5757205144826454,219.40891386530694,Fear
0.6690553682208109,0.6617581382381943,238.12888143466827,Fear
0.5577469681642976,0.5220411307209878,200.19602218311138,Anxiety
0.749369856856288,0.6291029521067217,199.21792454980454,Fear
0.6701213258374366,0.5187439284073463,223.273468049935,Fear
0.8082164729911111,0.8694576948611396,268.5659965751872,Panic
0.6707982632309021,0.6870496266857669,194.33755241761577,Anxiety
0.4638399542346024,0.5845302525099533,173.52750318549474,Anxiety
0.9893197145556678,0.9452607000737636,265.37774933630783,Panic
0.9295039591140326,0.9937888794348582,299.977056350534,Panic
0.7007536404090104,0.6866027566426942,212.40475931533175,Fear
0.48171820701577334,0.5981233697941013,194.12465302638316,Anxiety
0.8811624184400544,0.9940877097768195,257.8670152604068,Panic
0.6876258903972836,0.5459022600887896,191.21860130268175,Anxiety
0.16923865453115244,0.21644955444880976,142.3591159630491,Normal
0.8435399597714466,0.9932042918260418,259.1444067090152,Panic
0.5528325725828092,0.48630625497881225,196.21574691700604,Anxiety
0.15029380807221987,0.2200158506322414,128.4671907906714,Normal
0.8071931512426826,0.9316799190754084,270.0736814290519,Panic
0.6787847051012239,0.6636288589776873,204.1587781619909,Anxiety
0.841328636978341,0.9748218236051661,252.13204656493477,Panic
0.9016958070616052,0.8465803677298964,309.17309829821085,Panic
0.5918835341643709,0.661125036677031,224.2331534142783,Fear
0.5029495374703756,0.6481349419053342,179.3453648225059,Anxiety
0.3269377000603094,0.3824426278934203,144.127811715861,Normal
0.8730733683101306,0.9683230919515631,288.82343438478017,Panic
0.5731011732312933,0.597831816991638,193.22627309355684,Fear
0.16258968239271387,0.36732885409087546,153.29633179069037,Normal
0.9429124692186313,0.9246823462672529,317.9388269509947,Panic
0.3418320278383674,0.2671497332286494,129.6895570960328,Normal
0.2740906081332576,0.3679940344817628,114.44089538355313,Normal
0.638413242623615,0.6002313956259689,211.30985251831135,Fear
0.523650833235114,0.5146762675810717,171.29480351247426,Anxiety
0.8732572772413045,0.8105871871137637,302.8452777849535,Panic
0.3203525830808125,0.34841214627684025,136.47176944485884,Normal
0.6653872246689679,0.5464524183942365,201.37163660768277,Fear
0.47917227998397494,0.6140003386632773,187.05746629098417,Anxiety
0.662422176524646,0.5017594183661483,184.7105921072166,Fear
0.6092053660710882,0.6936924608551032,211.28017124535074,Anxiety
0.5176709010754328,0.5426228592648785,198.44607029223582,Anxiety
0.26552795645204474,0.42814983639784765,152.42768142519284,Normal
0.6838308311069702,0.6230911165617986,208.2420599694637,Fear
0.17174669986788582,0.26247190160772504,121.37499367622681,Normal
0.6103324483262298,0.6152057221894874,231.2639707995408,Fear
0.6280651558523109,0.7727187628690195,181.7474270993463,Fear
0.6801891127636834,0.5953972094624388,196.67401043723913,Anxiety
0.33611592197050943,0.2530693788213786,131.2080908670811,Normal
0.5733495805537592,0.5387195374487189,212.2115487901571,Fear
0.6454831449470522,0.4988397402121521,174.3374317750691,Anxiety
0.16195311072672672,0.20908518707906062,106.11083590854297,Normal
0.6825571465487328,0.6770512320949232,205.36215417163038,Fear
0.6313670421125407,0.47830780581478133,190.31832026387306,Anxiety
0.7058966033769057,0.7301512155347183,238.3613245956651,Fear
0.7115662903653245,0.7078635283089957,213.35224885193756,Fear
0.887622330206659,0.9635576861178838,288.45284556302107,Panic
0.23116807667140554,0.3598437001356939,120.2799268617094,Normal
0.602422265312392,0.5139681352030532,190.35383896894902,Anxiety
0.7012712109487269,0.7382403685196818,209.67582316582553,Fear
0.8180992622191734,0.8995058632054905,268.4156020946933,Panic
0.6740641791178947,0.6214281922061702,212.949027356111,Anxiety
0.8396006060615108,0.8876043592700659,278.61206339659697,Panic
0.5978739672684092,0.6253905524041661,195.07152027626805,Fear
0.5631158145293274,0.7188246346179622,213.5830461556988,Fear
0.560463427022766,0.5366796903089778,207.32260644285572,Anxiety
0.8611512255024749,0.81456905950904,315.28477856599505,Panic
0.4879950456185128,0.4825794970228227,187.28135185180795,Anxiety
0.7246621746515457,0.512493206701994,229.83814588116536,Fear
0.971748993705916,0.9267566569494575,267.72408143589837,Panic
0.5586866714471276,0.5783085174607544,232.54575233154932,Fear
0.9728805974388796,0.8618737124160026,298.58921577833655,Panic
0.6301764270255821,0.5892179996185969,220.90349102474053,Fear
0.8145472523554393,0.9580262747452217,265.2446561237298,Panic
0.8567096021819296,0.8567756363181427,283.7603926797347,Panic
0.6823720624430011,0.6066589391456023,228.5315123420139,Fear
0.6109046378302767,0.5074578547747383,180.23484634412344,Fear
0.8605535215234851,0.8918692020345645,307.25744460444076,Panic
0.16679131564699745,0.26113511074607487,113.63932426420165,Normal
0.1246367128532356,0.25801964446654124,142.53400037509493,Normal
0.4826128524859045,0.45314445312154883,177.6981619333252,Anxiety
0.559445369324905,0.5076836475517634,184.5598227498312,Anxiety
0.32171022570790175,0.42221377459835485,144.74402402088154,Normal
0.24901598277514875,0.22241305780891976,120.24154470143678,Normal
0.23742115341414455,0.41444103644650737,128.446124550536,Normal
0.5059006370809178,0.683363776312463,187.2298297863486,Anxiety
0.6161126642733149,0.6271998162265384,178.89398977303142,Anxiety
0.1595312108134997,0.4346119101026019,110.26515801142972,Normal
0.9579949000033545,0.9278590945330916,309.74258872417874,Panic
0.748912851336905,0.7037515098613979,184.44449443262687,Fear
0.9999503126858089,0.9449862395039239,257.99286461659926,Panic
0.5260768979552161,0.4716143767800381,170.07141715395883,Anxiety
0.14389494440865408,0.2443894799283057,154.9100282784733,Normal
0.1717116614118,0.2701137661900138,109.58496761403666,Normal
0.5629001517373124,0.7917567486900987,212.64179791767452,Fear
0.7450174339415363,0.5696868962289358,232.8778527368455,Fear
0.6074482695949682,0.6534017269388399,228.40115128581476,Fear
0.4911827240202654,0.5574578143782506,184.36288474385339,Anxiety
0.5530045083961133,0.5938139885424374,215.2886224037759,Fear
0.8710030532272494,0.8963800334219955,285.21934883238237,Panic
0.5186029302500937,0.5500074089965729,208.91696145337795,Anxiety
0.7110186753599053,0.7551740591919798,213.03271803719974,Fear
0.18323915359285453,0.23123914152100453,106.39307483296678,Normal
0.21684683386198134,0.2713949040596591,157.6966865352668,Normal
0.49698148946844883,0.4870149398722074,174.93426138799603,Anxiety
0.5721086332617161,0.5658168167588739,207.86101499292852,Fear
0.9576799061889825,0.9636208336643497,317.05384530009536,Panic
0.5334260518939075,0.5291171960153747,208.69975436470045,Anxiety
0.5609023779821719,0.6999577495356152,228.4521753238796,Fear
0.5761762277107152,0.5706697803783504,235.95023718584295,Fear
0.2494032977331151,0.4023568721157037,148.00915890350504,Normal
0.7450489070567917,0.7897311331652862,192.91614274715005,Fear
0.5619850310642164,0.6552798395161423,187.46605247680532,Fear
0.2012502746468871,0.43288610177663006,105.34058409376053,Normal
0.18079856246434434,0.4337896430941553,121.79935432517344,Normal
0.8733275400192914,0.9238242800093392,261.15764193399815,Panic
0.5964010419598768,0.5978379260133023,205.95998477978836,Anxiety
0.5670816965616531,0.7728330992109893,191.61742858772766,Fear
0.6119731298816969,0.6522527283407995,204.07515499222367,Fear
0.506689654350129,0.6828725967297314,215.42050536342848,Anxiety
0.2506102774653607,0.22681170837396153,130.4901283806378,Normal
0.5187975529433689,0.6773966737634443,201.6944730916221,Anxiety
0.5952303199604237,0.7618490702459961,228.87391272681015,Fear
0.656472046972263,0.5910092846642512,203.57034458888415,Fear
0.6112797596723916,0.5456870741202966,195.8385311825898,Fear
0.1207286453486203,0.3550003333693521,120.41337966707542,Normal
0.5212283131381089,0.5695709168777607,179.03183489706578,Anxiety
0.7037528361442321,0.579676279492208,226.03400364955337,Fear
0.11878072753862731,0.33391501543202806,151.2673049911242,Normal
0.9863462849507649,0.8413743750844576,275.0753328870151,Panic
0.5707136912457367,0.614839346819711,195.53414922235913,Anxiety
0.33250134444776813,0.29589184775182303,129.50427658113938,Normal
0.5723271858792124,0.5346208877943225,228.09236764314454,Fear
0.6343548483872252,0.5689148851049696,191.97429695375632,Fear
0.6072182861033263,0.6407119755866197,208.26352620584785,Anxiety
0.5961958621056127,0.740574185850838,231.08935089879282,Fear
0.730667201304541,0.5209072090190359,183.49305072452037,Fear
0.5038398207136521,0.5229667942591,178.63786591405437,Anxiety
0.6180817024984103,0.5828002617048991,174.94366713313258,Anxiety
0.7368821589142429,0.5145392697427467,192.61657067411167,Fear
0.669461827754141,0.587357153072129,202.80895181113436,Anxiety
0.6122884912077182,0.6245176366008504,201.90699512581347,Anxiety
0.6808155105911495,0.6534771831939648,189.5354860106503,Fear
0.6869059146301667,0.568792716505657,185.86295871784338,Anxiety
0.1956822978294428,0.38929727992049235,118.338909810171,Normal
0.31678803775028047,0.3682520415721693,102.81786534446003,Normal
0.5225920531215051,0.6705587702551912,177.35074774498892,Anxiety
0.7264990210136273,0.5060365165559222,225.16362826955856,Fear
0.6770913151032704,0.47327678912709753,193.40709709353678,Anxiety
0.5399562251591417,0.5851914078251357,203.86503431678298,Anxiety
0.87501988106367,0.9017883562018573,272.33307509109653,Panic
0.7407407252983416,0.6926330705076563,197.88902137659335,Fear
0.6882603538670458,0.7708487921107894,231.02576926073567,Fear
0.8941632838731797,0.8397859559590077,292.1180626034326,Panic
0.6785255870421864,0.7549527813791073,197.55090122046187,Fear
0.2871680438127477,0.4069812386363281,146.27458444199067,Normal
0.268070663128288,0.327172985182344,143.26736536688597,Normal
0.30873919376302916,0.4106336270879504,118.19249162558049,Normal
0.8080562613467961,0.9609665634592944,275.82913288604294,Panic
0.3367257248651292,0.26017814641587667,114.39693422341787,Normal
0.5819265513546881,0.7688844656491365,204.26946386711455,Fear
0.7323153774526105,0.6036860506702368,217.29043866828505,Fear
0.932270027975399,0.8783996087778297,275.8092046802773,Panic
0.8701285382914294,0.8753621255548425,287.3488103487506,Panic
0.1253190309577516,0.3689731557075527,114.92352362743748,Normal
0.3014764606333603,0.2699184641366108,111.49127932300888,Normal
0.8042115567112641,0.8072850886603441,313.1779480390067,Panic
0.871280947169933,0.9495303649129956,288.54833812863563,Panic
0.177433312236503,0.41468800640229597,142.02729192546147,Normal
0.8986683176104762,0.8080138172696534,318.9025385169829,Panic
0.10072792945844719,0.20235496399311134,148.52757839156163,Normal
0.5964445677327619,0.5966919769611478,192.28649104514346,Anxiety
0.6792402782756222,0.6992019281697135,177.68420679036234,Anxiety
0.93272494415346,0.9567943701011179,277.6365098014779,Panic
0.4544970328930969,0.6831928199765236,173.9163527574609,Anxiety
0.9459042843952877,0.8040682163764356,264.3631000033365,Panic
0.21189248762699303,0.40735721760849497,118.16075262272528,Normal
0.8967593793165592,0.89808981934719,258.3822751950372,Panic
0.21378105775819234,0.3389780042685801,124.23857699818501,Normal
0.33582752796853743,0.3300576222757725,140.62562708701867,Normal
0.6767593951985458,0.6350155791661677,200.26902259929383,Fear
0.5743915208471815,0.48871067040505684,179.14614629810424,Anxiety
0.10335236346803078,0.20486156460488666,158.3776980971225,Normal
0.22592294030936114,0.2456562825632753,134.43851050190452,Normal
0.6686042509166695,0.5927732906086287,170.44993286416278,Anxiety
0.6412766479082826,0.5581917704270484,194.20922491612984,Anxiety
0.4582369670613825,0.5975318514816355,196.2077333847378,Anxiety
0.6119694233506561,0.5257382854698468,185.45612699478247,Fear
0.6390010604435192,0.5630785087628338,172.15851454314708,Anxiety
0.6684965987803193,0.7506715115271947,182.61965572278052,Fear
0.6050859807278945,0.7903219863977258,199.2925099438723,Fear
0.7418048351945932,0.6840205539566514,195.70028199825038,Fear
0.8972088396969309,0.9328201342295782,286.963321430266,Panic
0.20397841357437735,0.38008334229149826,155.09710212279748,Normal
0.6876802581418714,0.5475357320542289,227.26061042014524,Fear
0.6510936035344251,0.46645746084078843,204.6286400038791,Anxiety
0.47831743826617146,0.6432201443658795,194.59339109586034,Anxiety
0.7258925387023785,0.6230071360225229,208.91969506397203,Fear
0.4674498712236874,0.569675430142333,178.61746070724817,Anxiety
0.6065334721082318,0.6382606205808956,220.2782654138568,Fear
0.9527926392651236,0.8010157625951455,314.24310498446124,Panic
0.25656481866560665,0.367263378829237,107.57700835507414,Normal
0.9312405960747213,0.8943326365570321,290.01393853528157,Panic
0.7367186287402503,0.715987861810844,225.22882277870212,Fear
0.6511312714860439,0.5231433122258183,198.37175522892488,Fear
0.820791875182478,0.9924730632909057,312.3154469388189,Panic
0.5960799329406772,0.5771318579433931,185.92259834029022,Anxiety
0.6128868211622811,0.6742905759894777,223.79334706221587,Fear
0.7229082683164167,0.6498699390127799,206.3104810019382,Fear
0.4629915245327951,0.6649369514212666,192.9126657382524,Anxiety
0.5189820744875158,0.6762404700424784,210.89253317074161,Anxiety
0.8756695163365295,0.9499451493567087,256.7773111691053,Panic
0.7423776477451416,0.695780604564632,207.3659715997555,Fear
0.5753603684244777,0.5084061909121417,190.47804636312546,Anxiety
0.17870126473014208,0.3213744100706659,128.67997270325867,Normal
0.9185136365529654,0.8759848581924029,285.13549065466026,Panic
0.7329052307604113,0.533915890350353,225.44550620239949,Fear
0.14410297760697155,0.40318322607616985,132.5056191964609,Normal
0.1561398673172241,0.31637641663186994,115.90535012512217,Normal
0.8738035464822346,0.8271033747121509,286.28797386431455,Panic
0.7330166666716149,0.5880045880010268,209.44166075561904,Fear
0.8813273053769941,0.8766328937118252,305.62640246785224,Panic
0.6756334706596439,0.6680402879923766,173.5629166324114,Anxiety
0.579490783485227,0.6834967026938042,213.94483839306875,Fear
0.1252909528793853,0.2028331483011219,132.918058311675,Normal
0.8489431194047402,0.826313061327871,271.1593690347514,Panic
0.6010364457548462,0.7575410757794789,212.78342803270417,Fear
0.3368569995149483,0.3058395068376965,100.55861744574122,Normal
0.291160893153528,0.27117194038606796,153.2564997696373,Normal
0.5683587333985122,0.6032925901857793,213.440054790891,Anxiety
0.7007361031085981,0.790433670921835,226.7731721277157,Fear
0.4799399916080493,0.5829832443881978,184.2255979871222,Anxiety
0.5612004617878,0.6440323483856859,212.12225235830365,Fear
0.3031034144059751,0.4133489333842354,154.860426559989,Normal
0.7358815132140414,0.6885268486753019,203.69671116128774,Fear
0.11262686770807054,0.2109702720921859,143.2223927639322,Normal
0.2964172874694548,0.2814448859364046,149.02002900985784,Normal
0.550080308805068,0.7417673507590563,184.75497636779573,Fear
0.8097125446591323,0.8895907394362371,281.1947160575513,Panic
0.6141424329968588,0.7891748036219566,218.49478087460366,Fear
0.8059472522589206,0.8143463475629817,296.1908906780327,Panic
0.12363908619359706,0.3895961928974795,136.36082991616487,Normal
0.5600911141240248,0.5313688594263024,232.86024508888246,Fear
0.15195596036470896,0.3260175199371061,132.69290116176361,Normal
0.6874573013715914,0.5887064491258265,187.0510086128017,Anxiety
0.4694984666023523,0.47653250482725484,194.6390672932478,Anxiety
0.5969211875987527,0.6739482182236765,202.65935945789062,Anxiety
0.8728242113683011,0.9278772842908196,259.03254862225975,Panic
0.5232313008507807,0.5433850740785738,203.49849620483283,Anxiety
0.6784318735016148,0.6582485346382501,184.87853582204076,Anxiety
0.5505983912036075,0.48786440560010363,192.09245172388663,Anxiety
0.1758202565163613,0.2906458031486693,103.98432120762985,Normal
0.3431566511081381,0.35170664089714576,107.19531153562781,Normal
0.6872290545471788,0.5114999350766988,196.60434119690058,Anxiety
0.20066780206349943,0.2519609303549123,148.8044136138808,Normal
0.59291296401857,0.721445226452507,191.34832177960442,Fear
0.6652318659651932,0.6661033500618301,191.3031005600924,Fear
0.9036985949884481,0.8704617768418357,266.38404425122496,Panic
0.9843974951930345,0.8390109444472726,317.2397975426405,Panic
0.9888082556561855,0.8792554524983401,298.57043396298764,Panic
0.8849657066353801,0.8256370220598196,258.60453159992807,Panic
0.6441569994025415,0.7119927565246802,236.43839995116684,Fear
0.2614398230653264,0.20337931792493003,109.73024362823128,Normal
0.14211013778297882,0.3901161515690167,159.0957465064895,Normal
0.27917964644191046,0.3764976007404984,114.05194358728541,Normal
0.5634616409517279,0.5851527485811823,212.4800087491229,Anxiety
0.2829198996968704,0.23853688108408355,151.3386198486968,Normal
0.8378155307556698,0.9801815460533981,297.193086418073,Panic
0.5245143929487024,0.5556348450559637,184.91688717937495,Anxiety
0.11967441879884977,0.33182772391059834,124.1671320427897,Normal
0.9366868974107834,0.9367753482326613,285.1288169788947,Panic
0.7474200171848233,0.6683450637305524,221.24621165645203,Fear
0.8565771819572731,0.978973840141104,251.6944231095771,Panic
0.6347616370347149,0.6949591765107725,181.48183786116667,Fear
0.6678571455725703,0.6679981014390675,224.3356977678573,Fear
0.49062460386861034,0.6737584647133592,204.30121119679455,Anxiety
0.17534794894158978,0.35649597847948844,109.03267528373348,Normal
0.630903904891647,0.6090834347570192,193.0088565557465,Fear
0.5739226925571784,0.5331835384959639,173.5590118159043,Anxiety
0.8848370111491952,0.889337744348933,267.790309608947,Panic
0.1762095423140667,0.3719775228638311,151.83728932057062,Normal
0.8363616931333899,0.8171820776405642,299.9883398647441,Panic
0.5609639977851424,0.4970039292990722,202.65683666459276,Anxiety
0.5672943740231929,0.5419271270318858,175.0309988611295,Anxiety
0.8110219279881334,0.9775745863702661,299.2094208302774,Panic
0.21502565663942197,0.24836180700298438,112.62232489179014,Normal
0.6607374982847767,0.5801140230348457,213.04054313433687,Anxiety
0.16990035816128296,0.23185201792385726,138.35577299088177,Normal
0.5626765145625964,0.6384025328694968,217.7819730861711,Anxiety
0.6269869566752972,0.5893561861675355,182.80105865307564,Anxiety
0.30839352741143417,0.24877720500605252,153.55667968264882,Normal
0.6035747165634882,0.68120149932185,232.28001554041697,Fear
0.858144461524133,0.9967463707994012,317.2500326168872,Panic
0.6014192178790224,0.6438364934449297,202.03666207684256,Fear
0.11003115506525238,0.4253617073845949,133.44575675585918,Normal
0.7173240420735316,0.6952364962540706,216.85013101913356,Fear
0.17285378466901213,0.28404006443612995,118.50815275496117,Normal
0.9025499799587859,0.8796500469726826,284.80170965023797,Panic
0.5780330866765461,0.6632549446930406,180.48048844042697,Fear
0.8685933039400157,0.8276491131268114,280.76257620509097,Panic
0.943290596311758,0.8499249408821167,311.43990724878574,Panic
0.6903543944616433,0.5998193794558979,210.37389678259544,Anxiety
0.6646855991283269,0.6233454751537139,178.5129576062718,Anxiety
0.6652783800153563,0.4695845544405017,173.62873990223554,Anxiety
0.3167699992896059,0.4381682166247689,124.29159337708866,Normal
0.6582233987218074,0.48127222745910087,176.48914828613056,Anxiety
0.5950479804670493,0.7044380346275816,195.21693765831384,Fear
0.6016723307994715,0.6826121501362578,211.8463916422312,Anxiety
0.22346229892702507,0.44040050639371975,146.17852983301927,Normal
0.7141152878667699,0.58557330269203,194.35266528205312,Fear
0.70678571769056,0.5973826394290834,223.26955609283263,Fear
0.6620697348700647,0.7185845470378331,201.2907434058395,Fear
0.9446789377709857,0.8548083179408552,309.21756792689735,Panic
0.6018898342136153,0.5253946260753887,187.1563003223846,Fear
0.8297266431155771,0.8912317482239646,284.46503161706426,Panic
0.29726015105051173,0.2877439059815229,124.27922449891301,Normal
0.173103770971062,0.41872430864948157,146.30697634410086,Normal
0.6973041708551465,0.4917074262375657,172.3342409949637,Anxiety
0.5096067947383709,0.6854541250125389,200.18721442816283,Anxiety
0.9891347074101609,0.8817854471513344,296.3378887615444,Panic
0.5826737974408803,0.5138081085860708,203.7822031932444,Anxiety
0.9015794832006762,0.9057168402874884,306.7422693782113,Panic
0.4571427294310026,0.6077127596612779,187.4792597892196,Anxiety
0.900061031270903,0.9788199072212318,314.390965389138,Panic
0.5186994526919751,0.6332882557766464,174.70299101142945,Anxiety
0.5855749939052698,0.48702519965678187,207.31569062845384,Anxiety
0.5530241421770287,0.505944596567744,216.62680429011118,Anxiety
0.9833286205387832,0.9410993303869248,297.0245489178406,Panic
0.2800254136347853,0.36899812243908503,142.3395600324368,Normal
0.6187824714611049,0.5543620709741156,206.5339505764195,Anxiety
0.9216700093063357,0.888870439219499,316.0797134697428,Panic
0.2812281866561098,0.42369049675312376,107.05343494725619,Normal
0.962087317123125,0.874861198681265,266.1919927583605,Panic
0.6062147770890227,0.700405835753768,190.6009388505783,Fear
0.17813591305918053,0.4286104323718346,150.4379586891475,Normal
0.8375807177596833,0.924959079743745,273.5515246272257,Panic
0.9205022727149458,0.8591645437163726,312.1746435249904,Panic
0.5492967215792822,0.5113198262435918,192.42039205079664,Anxiety
0.46264921341914544,0.6815699904621018,218.08156283126536,Anxiety
0.31525834999306007,0.3414657683899049,109.434139905654,Normal
0.869457533230535,0.9362100223460891,276.1013556441525,Panic
0.21010864266401152,0.4252944058043389,145.04014085689928,Normal
0.46023788303736995,0.5818299198999649,214.31843235477703,Anxiety
0.26683779076259895,0.21096171312415748,119.59731434488053,Normal
0.13218680071892827,0.33925170157828216,153.63836010546575,Normal
0.18317254492316748,0.3095746520082915,115.76159859280031,Normal
0.288991462232812,0.360048467134258,107.19328188903073,Normal
0.17989735656499956,0.34795197691583146,104.33376089634866,Normal
0.3226173934959724,0.34232034573763115,148.7145468975943,Normal
0.28832823296981425,0.37908133586900705,140.16312542019216,Normal
0.13910672970540477,0.41248437285118095,143.5713690317263,Normal
0.9555755411073754,0.9000716720768781,275.0259329899066,Panic
0.10786148876473689,0.3816241865843557,150.14698425127608,Normal
0.1855835206152477,0.3924430768463964,133.6813494513603,Normal
0.7448609926220955,0.7958984520680379,210.75630318129527,Fear
0.6998630710284869,0.7894071436485384,184.41380125294594,Fear
0.9859011410736298,0.8344892777947719,290.5742720741273,Panic
0.8964847203189458,0.818731490521495,303.76625648930667,Panic
0.8338792999263157,0.9241637607011783,300.3293529797263,Panic
0.11808931443533166,0.42027628708914144,115.39970139375487,Normal
0.5955988771021258,0.4817109817231493,193.09626021028674,Anxiety
0.2723835522263538,0.28599490907909253,116.63550498095117,Normal
0.12499631187094418,0.20838646785303946,133.62393722919657,Normal
0.462290207288762,0.4577642190087889,197.70906277243995,Anxiety
0.5698798092778384,0.45396338634339173,174.59922553354,Anxiety
0.19168801910648503,0.2592675977935445,126.83637808942731,Normal
0.4638374473045238,0.4861449275598962,204.76292003777166,Anxiety
0.6351786310073364,0.7956572399765655,213.24350300761265,Fear
0.8354818940242366,0.8219272565070374,289.69229484508594,Panic
0.5779441133957909,0.5288377555196454,205.47435643115733,Fear
0.8925375663375654,0.9612991892210491,262.57517211048923,Panic
0.8001579022186438,0.9620280181490922,256.13021940903667,Panic
0.6627734063783534,0.6549333025708465,223.61867517170586,Fear
0.4696746441768774,0.6009387859594032,178.19658604766013,Anxiety
0.7111715410668125,0.7969209793136813,202.64325749848658,Fear
0.5842546821332479,0.7224913455852863,198.15842043820888,Fear
0.13215601510979802,0.3114446868898676,148.9212774313337,Normal
0.8850712992539967,0.8494412147477755,302.38626745997277,Panic
0.7422764940287431,0.6808009882833516,213.56851556738076,Fear
0.6034614862519311,0.4719294104299911,189.57685498008146,Anxiety
0.6666728370998487,0.6956447307480511,196.3917018780637,Anxiety
0.6256049898868804,0.5308838434100859,223.14136922601605,Fear
0.643995686931559,0.7573751216730704,197.91287555892984,Fear
0.18355383431502864,0.20643560243680406,120.46287236983741,Normal
0.9499198882241524,0.887469514486519,315.2848743787789,Panic
0.5561649237398741,0.7637613012756148,180.78061280555235,Fear
0.5234080979399686,0.549899627905217,212.62152087845595,Anxiety
0.10609774827752419,0.3453562237172718,132.93595146996026,Normal
0.6886600401790578,0.6008953117807656,216.69756692913592,Anxiety
0.10017921467664495,0.4342133575227538,109.87152234356874,Normal
0.4966446248134103,0.5173399251658845,210.03319707626557,Anxiety
0.3465874807360405,0.2788041843443215,106.91806542034296,Normal
0.3476781396557762,0.26190427179367964,130.38738262219084,Normal
0.804181902467047,0.8446180036890711,253.956098355773,Panic
0.5702970378687756,0.5648755666425793,188.1254865661062,Anxiety
0.8506987506514381,0.9881074602205895,313.4160777548385,Panic
0.9262068351424098,0.9906474357562466,287.86903648696585,Panic
0.9455158644269888,0.8903277991037676,309.9710962554128,Panic
0.836843979859272,0.8873720073114253,277.4667470652905,Panic
0.5001172619415898,0.55336644167754,180.31013579508894,Anxiety
0.6556453215454314,0.6985635164134074,192.44816628353263,Fear
0.6883727816321689,0.614920810917952,232.1459441234837,Fear
0.59731358504222,0.7189979673934891,187.90462797791784,Fear
0.6551839602039325,0.6036352545553288,211.6081226864559,Anxiety
0.4583307998598771,0.6781968463466312,175.9181113925649,Anxiety
0.6895980942995585,0.7370779711825082,197.74517007721977,Fear
0.8270482382493003,0.9141983142651957,278.55178271378884,Panic
0.4840927762573646,0.49917213955780326,172.7666193581673,Anxiety
0.4536287736319022,0.5937097594649687,190.11373837157169,Anxiety
0.6932861778567271,0.49842926269407445,187.2914285154797,Anxiety
0.8595508307344489,0.91994088268162,304.35408169209666,Panic
0.9880359669458483,0.9784148702187241,287.48653412601743,Panic
0.5530894855466156,0.6307203070529923,193.4564050945143,Fear
0.11119209717212172,0.21351190683743165,127.43382517717266,Normal
0.2281459757831276,0.34104869794968634,129.64945621310827,Normal
0.842009467458414,0.8788167297020064,272.1621704379189,Panic
0.5928034774036994,0.6563827058366873,183.76180529655613,Anxiety
0.8883068020757794,0.8981227151796398,309.413730969692,Panic
0.3456700121806085,0.2997773376436823,124.92634097557965,Normal
0.9154040803381117,0.8442295220221387,268.8383826846607,Panic
0.2196612176376312,0.2111653040947247,118.5735580907844,Normal
0.6490171313492343,0.5486938291929206,194.61080916437334,Anxiety
0.9338367304398286,0.9464882918260898,280.2549231309516,Panic
0.8004694947734907,0.8489599746003452,297.6408165043137,Panic
0.8945651249792606,0.9287152445479641,257.5654245566472,Panic
0.9424143984495861,0.835690134819675,255.57117031604298,Panic
0.8628219638178742,0.9266928238471546,257.4060251596898,Panic
0.2931306479406361,0.24220840166314253,149.30808755525203,Normal
0.1810337934581991,0.444355736928437,102.2411761861333,Normal
0.13047230302008975,0.32743926672521784,135.1156525305908,Normal
0.7277685023477064,0.5144973226566191,213.79535062954102,Fear
0.7302518415593127,0.5491760786140835,202.8845285941874,Fear
0.6922041103708441,0.6979732143299104,209.48808868673171,Anxiety
0.8557743852521931,0.990042241173086,254.42838702744723,Panic
0.9386594937102984,0.9569446830358717,307.8517556718486,Panic
0.617337087690699,0.6578934814776131,177.51553112419845,Anxiety
0.7026615230424421,0.6759378537124393,195.67470794721496,Fear
0.8936922474174174,0.9196612151392037,252.16794223957572,Panic
0.2720826905831692,0.3510326572141338,156.14893744666875,Normal
0.3456631028733923,0.3592618883759069,109.69826162707551,Normal
0.8071785502377865,0.982971561184152,274.6411607751315,Panic
0.2893672626807757,0.38292631818078793,142.55084222766428,Normal
0.9230981919333439,0.9507561202172831,281.30496185556495,Panic
0.5596679242007622,0.6455004563984853,209.19762590489205,Anxiety
0.8595347431185691,0.9319527280906168,259.58875556166697,Panic
0.5956851704616841,0.5822035341156643,198.89046932452413,Fear
0.34027956700541007,0.35684913882896163,115.57302599638496,Normal
0.981687509574453,0.8208960633507917,300.4187546763177,Panic
0.6190687955852661,0.7973169526217261,186.11715297481663,Fear
0.8727451042271369,0.9513077166990613,268.0155820881144,Panic
0.6185018391156778,0.4641208560008705,203.64275189048456,Anxiety
0.25917322858948544,0.2553094549516709,140.62442275950687,Normal
0.8600977517265278,0.9606526801254256,269.0401801611693,Panic
0.6735228423144614,0.5744672951285797,212.09043545144095,Anxiety
0.597289094348447,0.5636055797898852,207.25724049139103,Anxiety
0.715243475155044,0.5682897607458177,211.46618075146495,Fear
0.561896032621678,0.683272256647519,202.69240703238466,Fear
0.12731986134203999,0.3985960562732141,105.93811740452242,Normal
0.6038104457484326,0.7435668930704951,212.00870855437756,Fear
0.995946866954772,0.8536552040907114,252.86847555749233,Panic
0.8204528561994232,0.9488253371428741,306.4055006170764,Panic
0.8062349818223843,0.9740393380984484,259.70567703793125,Panic
0.12819922971664424,0.3764706111704304,154.6983213841182,Normal
0.9602743070927273,0.8795269971465507,273.5418909253469,Panic
0.6106934154045731,0.5319428014603047,213.00367594948963,Anxiety
0.5142796259996736,0.6871635202257476,178.48792491035678,Anxiety
0.13828370015110097,0.20246170625300275,114.28511276842706,Normal
0.5622808534825627,0.5926661447451973,191.77945790063546,Anxiety
0.6930872406553081,0.5207522571516252,199.8724981397113,Fear
0.1624897453098739,0.35238212743851594,135.11168712357124,Normal
0.9862051985950135,0.9902885277774665,275.3025729948961,Panic
0.5034503026656832,0.47637841160030026,204.1534787595062,Anxiety
0.582618296799448,0.5539435783953934,212.51884596498527,Anxiety
0.6710612934822385,0.6656687907364314,192.16601603863492,Anxiety
0.6622013672829842,0.5403470319486507,199.21117316424332,Fear
0.8166077515620374,0.8382103737417366,280.85284604089225,Panic
0.16189112703544617,0.4018364053000921,145.77957617738164,Normal
0.11185390903502124,0.4002928758238312,136.26284314496849,Normal
0.885582938037557,0.8394947167371366,293.8661047363939,Panic
0.6499236823997524,0.5915643590386578,238.4245549223096,Fear
0.22068209686919582,0.28275406487372373,144.41818359394506,Normal
0.16054586139844193,0.24292749724342205,131.79003333772422,Normal
0.7478681275679248,0.703747503723067,239.09701898169865,Fear
0.5208241319994256,0.4500607336086282,176.34680288370882,Anxiety
0.7177775798251549,0.5096969795978271,211.2109761439436,Fear
0.6021428982934935,0.6927261778624674,188.68028297670296,Anxiety
0.4833857723763878,0.5276442538876969,200.78630267225864,Anxiety
0.23474521861253012,0.2719698758337111,107.21625778771642,Normal
0.6305552268696667,0.5108621784462155,213.06848017168403,Fear
0.10555070324696258,0.2759309629079565,155.26416917797488,Normal
0.8731838870827151,0.848320492408008,297.05404644955786,Panic
0.47578669021959025,0.685755177411434,209.75364405905822,Anxiety
0.5748871753215938,0.6674823905992484,176.30975455131184,Anxiety
0.7066580184877733,0.7888354423942197,187.59935237083164,Fear
0.9443953923597062,0.9875483309869644,256.3876161383334,Panic
0.5604537335123193,0.705661586168787,206.17286502720273,Fear
0.9238696497917674,0.9301732790508281,263.92241920566124,Panic
0.8596901322295522,0.9276185451592904,270.17064950441824,Panic
0.4995077366577734,0.4835299056774475,172.82006788803952,Anxiety
0.801357634804718,0.8305886372950853,254.82930060973217,Panic
0.18511027002485458,0.44774654237417133,131.4124956314249,Normal
0.33403139288503364,0.33004005575609896,121.88908577847141,Normal
0.4837957635428575,0.6237991149258028,176.01254932853672,Anxiety
0.6255593647818823,0.5950053068050778,220.63823755788846,Fear
0.2722499962471421,0.34175308135504306,141.01554551331213,Normal
0.8814810543222698,0.9873898507817391,276.4076390000987,Panic
0.29275959256121364,0.308807679502356,156.81055310005095,Normal
0.17635337463568784,0.239415256699227,110.44062688096746,Normal
0.6816369451877438,0.6745309586782197,206.5802170259734,Anxiety
0.5766374999771368,0.5907075593036507,185.66838472286392,Anxiety
0.6316511093329672,0.6821823423193338,210.21523564777584,Anxiety
0.5695237521070299,0.7693387419176079,200.99372781884392,Fear
0.9163302665346014,0.9950901048269902,303.3021183405311,Panic
0.9050281703539259,0.8405987118382394,281.6308331256595,Panic
0.18106271846299266,0.2277587307559649,126.56589741171368,Normal
0.2756845748223967,0.39817585144518786,137.747054718056,Normal
0.5510628338309724,0.5984209053456974,219.62321029205333,Fear
0.6323495335180487,0.5998850740887121,220.1647238552186,Fear
0.26695155499665424,0.21014899632559336,123.44517907402025,Normal
0.984291547243306,0.9957011933865381,250.7469088904314,Panic
0.5118012797326583,0.699022181816128,175.168900360098,Anxiety
0.345257372278769,0.35342699238593683,147.61224413372986,Normal
0.574421989886943,0.5690051767200299,215.07528097256517,Anxiety
0.9633755971787565,0.8027898037383824,295.9983187342891,Panic
0.5700315572535523,0.6539163852036584,173.13610857072294,Anxiety
0.5715924896221671,0.5208937603244796,215.33616135375286,Fear
0.26230719488524085,0.24088642170603483,102.01898340394159,Normal
0.19952179455905772,0.20661172564941688,120.13343210179943,Normal
0.10628493143907855,0.3807326680596509,148.62186398556622,Normal
0.9694593491070989,0.8882548673500138,251.25705046251056,Panic
0.3243821555942161,0.3117901261326659,126.21729166502186,Normal
0.46772904785964237,0.4973402189479657,208.5661571608425,Anxiety
0.6575481407673928,0.6890332140855921,204.9136296765273,Anxiety
0.7157060519163017,0.736482562451249,195.54210864620083,Fear
0.5100656461247328,0.4811743617809008,199.31040830952546,Anxiety
0.5857257753508599,0.6013243990204542,205.10696983052748,Fear
0.9232921756457595,0.9971845317940036,294.79694695801993,Panic
0.6710203244474302,0.6187234489542064,197.92032944325297,Fear
0.8157324116628518,0.8343747405078494,254.14563137776253,Panic
0.48273281303169435,0.6240553590303181,180.30368899685877,Anxiety
0.6923364118710172,0.5632782008319536,220.35134425428836,Fear
0.6757743767623274,0.6660576505653892,193.2291382219623,Anxiety
0.5854242915204839,0.6285994473168455,187.60276411405434,Fear
0.70716169684887,0.6387370451195444,236.45794727056762,Fear
0.8670676476696421,0.9215918701664684,290.3049647622588,Panic
0.5886222785802927,0.49494945337376883,193.38791154787899,Anxiety
0.3199526089299213,0.2112722140013475,143.87326659239477,Normal
0.56696486565854,0.6116552834143888,211.50163418140374,Anxiety
0.9668277321047171,0.897940806371571,303.37997789540873,Panic
0.529313804112425,0.5204823879378901,196.5429517144238,Anxiety
0.655561472711766,0.7999122913465493,230.59817796912967,Fear
0.5083490673645318,0.5633426514010393,195.85604440566652,Anxiety
0.6801605380286759,0.790358705348964,231.77826163992864,Fear
0.8226199478847646,0.8312662876785678,280.59236078148393,Panic
0.6715419616454009,0.6614411203132655,208.1291374809145,Fear
0.5841520566900772,0.5680511306976486,214.53006110814354,Fear
0.5351713558937004,0.5309948186775248,199.35664007921005,Anxiety
0.9705077481711935,0.8515879013573802,284.4059958082279,Panic
0.6257734759398582,0.5228710342106341,193.51857836924333,Anxiety
0.6712030004958887,0.5268895319913853,237.55412611942933,Fear
0.49390003492712936,0.46613397096116904,198.88307183598317,Anxiety
0.5624781952713763,0.6645933449402656,217.84178337715315,Anxiety
0.17925024243357596,0.4124968982922526,150.7772401891876,Normal
0.6408965465910713,0.562786328459036,180.22317964908356,Fear
0.1166182825522929,0.20039616111658504,131.3975477733397,Normal
0.6951620548910123,0.5375680926673319,192.6091469680054,Anxiety
0.6888106920718359,0.6719310994733302,185.90937397281942,Anxiety
0.952140961208779,0.8299725597773103,290.02801398278837,Panic
0.6760795462549654,0.7723618030805722,205.14526522025795,Fear
0.6118536222999391,0.5350636281772817,239.15150642465625,Fear
0.6678768033726586,0.4575948949886156,205.63768773812922,Anxiety
0.11601088096619713,0.41560853253528923,157.68998075422883,Normal
0.5883672229202022,0.6001444735127712,223.662382203658,Fear
0.5534815145131472,0.5175146165253889,180.34185553083043,Anxiety
0.23573159727494608,0.2650156870105477,135.26140765358912,Normal
0.2412680707591734,0.41466801373237405,107.04855393258957,Normal
0.5196163227288365,0.6741182143148238,201.81094143346724,Anxiety
0.8883094577759661,0.9889969571111686,259.91279454325297,Panic
0.14945610721033073,0.4108433301687514,112.22656205146382,Normal
0.34054647737295,0.4253714627751873,116.22299411863938,Normal
0.927745236449844,0.9906640160868511,257.07620159219505,Panic
0.9040361473133519,0.8589862271607729,251.0685387752221,Panic
0.10563730538252161,0.213937399617582,103.14434118767193,Normal
0.6683135891729182,0.626227783182834,174.2600238779831,Anxiety
0.295488154243038,0.2389119981903977,123.51647138730624,Normal
0.1619831124514518,0.4319478698438289,155.92803492389697,Normal
0.10889553644836567,0.23418385068230882,145.8422093900483,Normal
0.15789574782224985,0.24530451090340433,148.61819794739995,Normal
0.6746541352358677,0.6852838962126118,213.37385117479863,Anxiety
0.34449835593455863,0.4485719964402648,133.33702928094417,Normal
0.8044544910134448,0.9738243228562069,288.78901013473194,Panic
0.8561271159753032,0.9944459418432715,260.73553791910217,Panic
0.9573937296873485,0.8232696899714808,275.2113507249654,Panic
0.5219835235233048,0.4963814938144298,202.58398974392134,Anxiety
0.6642982383967013,0.4620989704864414,177.42587121285587,Anxiety
0.33897969999051103,0.4308248770674824,127.43899659356921,Normal
0.1406940252563422,0.3222835079289768,147.63059757207168,Normal
0.2066015141229932,0.33435423464995173,101.3502596457212,Normal
0.23247382413848527,0.29791889913388725,137.3148652770327,Normal
0.3273888571093006,0.2045080024563075,133.42285517153405,Normal
0.24424182761709273,0.23804365047047948,110.59858179222817,Normal
0.7275126143632382,0.641228717716281,232.6869118191421,Fear
0.6542394218485655,0.48189411722917325,212.9666409861876,Anxiety
0.5495137101697344,0.5784083459821627,210.152276233794,Anxiety
0.7191417163433454,0.5346553700320946,238.16167469974656,Fear
0.12275907873636044,0.362052294362139,124.79166872816786,Normal
0.7485661650889395,0.6689038829514989,201.3973079295631,Fear
0.6430079464930887,0.6570531894716485,178.52651946968876,Anxiety
0.9930821398737223,0.9367686061290723,305.4431213734273,Panic
0.9084066690194404,0.9838076554057342,312.993668034827,Panic
0.8404166330015848,0.9905284261601723,281.0791750039421,Panic
0.6073733749965589,0.58057388129989,231.66377618878317,Fear
0.1670028751298993,0.28220045114461345,139.55968767904008,Normal
0.11538575853370922,0.26749340921386555,146.10526426703453,Normal
0.12647892240719338,0.20466164660369573,148.27850184008065,Normal
0.9747150611519468,0.9525598105751611,285.9154052857635,Panic
0.8619363916625903,0.8290065467499778,301.57635747046993,Panic
0.6768107918192696,0.6350782577109878,197.14206871670373,Anxiety
0.11657254686163757,0.29170147128500146,124.16269897910202,Normal
0.8836726076857586,0.9428306292784348,310.286255908227,Panic
0.7258793986611769,0.6463156604946109,217.83817143177902,Fear
0.8499734930515859,0.9280501829904553,311.42424692120414,Panic
0.86586106257292,0.8847081154483016,290.0145632581893,Panic
0.8466106375969717,0.9900759502964187,317.0829380536971,Panic
0.9022962093576766,0.9288052874223889,257.1556919792361,Panic
0.4949999041526717,0.5756369016805057,212.42088632152556,Anxiety
0.6585278958165812,0.6499406856988099,187.27305757341344,Anxiety
0.6066922298528159,0.7060267160845727,220.45317794684382,Fear
0.7289195746701944,0.6627643586901938,238.70666352921418,Fear
0.9617955499227417,0.9600728376910691,281.9916766534838,Panic
0.9774213025037342,0.8716289562391611,276.5049668382866,Panic
0.5188616699476273,0.5162587295351369,196.8096139641102,Anxiety
0.6112001947166336,0.7781619394372494,215.31516584095527,Fear
0.5927473375963822,0.5590860890626164,204.7654992166436,Fear
0.5748872905668956,0.4780246275876897,192.03829007182708,Anxiety
0.5842923304010073,0.5008838806204512,177.7875811432765,Anxiety
0.22128297692858367,0.44344512524473223,100.49189926785773,Normal
0.2244940756468483,0.33854243040275,133.53045225728,Normal
0.5843401673100619,0.6961293509279709,181.52836150410644,Fear
0.9894341233686788,0.8271865494734641,284.8354688153653,Panic
0.5568522245587009,0.5511101752344594,209.98234040007932,Fear
0.9419866146868493,0.9067450827342889,260.06841296932174,Panic
0.6997248217615429,0.6968036137077853,214.08372551434363,Anxiety
0.18423047826918637,0.3463714845787589,118.93921761893944,Normal
0.6118864941938966,0.6818606760830996,211.425509793171,Fear
0.6816567566852315,0.5791418224839073,180.72419611803707,Fear
0.5511848130908005,0.6128604239885594,183.78963168984836,Fear
0.5677931398445355,0.5933504064744259,216.39503149310136,Anxiety
0.6755012308403533,0.7353224349854611,218.8888045829387,Fear
0.5761052599288032,0.6360123628071445,195.1609603591481,Anxiety
0.5929275925808858,0.6913108553125786,210.36498574443067,Fear
0.68282514785667,0.6279775703163181,233.34716134364658,Fear
0.465966593335256,0.45790500955936597,182.9250283849797,Anxiety
0.5739292525195688,0.5283126851222055,207.68330689547906,Anxiety
0.9453340938516426,0.9885205400969495,308.25338066152904,Panic
0.8807622010494999,0.8429489004816715,274.91778735825653,Panic
0.5561697531046146,0.4882404676514359,210.3201409623287,Anxiety
0.5635418675419409,0.5464648617090273,219.10386893178153,Anxiety
0.5619988636672171,0.4801948806081447,191.30576394153897,Anxiety
0.9198727103476532,0.883751798096531,280.2290584618421,Panic
0.6968147062011756,0.509232553477748,217.04776487479327,Fear
0.4759598465277319,0.4808931226498726,175.05141232456293,Anxiety
0.6995847302622835,0.559080046232261,226.63773455034442,Fear
0.6894588261121257,0.6636543657879588,181.52474186757604,Anxiety
0.6349019922500343,0.5544097514671756,206.8325937612394,Anxiety
0.6842736017793591,0.6569474449452926,233.9183356980662,Fear
0.6680761930407721,0.5210354137240969,181.5778636010801,Fear
0.19963980603603187,0.24253816028612923,115.28323002745293,Normal
0.8980892919841951,0.8074103987386986,287.4676914240516,Panic
0.5752740283894011,0.7921076404550597,193.83831841285584,Fear
0.6428972161169535,0.5378109580708321,210.5990745342855,Anxiety
0.5272152248091158,0.6147138510567105,198.32218425433132,Anxiety
0.4540270546373342,0.47926126817658155,179.24630093864087,Anxiety
0.933636132391581,0.9791624202797158,254.04517379139048,Panic
0.6755112047741293,0.6069159435569085,199.40926569858877,Fear
0.48424165863605895,0.576692510179447,176.32726555981887,Anxiety
0.2910810000516759,0.3231685825777507,120.3396382096944,Normal
0.9984031938793672,0.9373300846708075,308.8949739913639,Panic
0.5937588703153446,0.6565804892193732,189.32059815060103,Fear
0.5007676482300155,0.5504879811538048,212.28724391628816,Anxiety
0.674057730517717,0.5882881321966222,185.1867451904039,Fear
0.8714483936340273,0.9154106683427089,273.95859149528223,Panic
0.25682926958949115,0.2753721038385899,158.08125767365772,Normal
0.9757061498414312,0.8603669321785791,295.52078818514553,Panic
0.23356177768009576,0.4104826686198133,135.00532091098012,Normal
0.8821400801173086,0.9440832138184686,285.8075335964354,Panic
0.9333272144822484,0.8617571316705173,270.4709263212661,Panic
0.6800492465185685,0.4622896309053569,198.6749792467608,Anxiety
0.6619649577765581,0.5025096979952433,184.96002227919254,Fear
0.6331136572834324,0.6832783052921632,202.8598830820031,Anxiety
0.26315335043683835,0.2153246986123059,131.5347624437345,Normal
0.10724918608398701,0.3724552678321905,128.9102352145755,Normal
0.748911828121948,0.6260216885756493,216.47746216101655,Fear
0.6744058958504019,0.6517226895066334,229.0261279801569,Fear
0.6459798962168849,0.6560449999063396,206.18047188789757,Anxiety
0.2044998042300879,0.34138937080659676,138.94483612113305,Normal
0.927478499587027,0.9432708965748174,265.69808682058624,Panic
0.5508719159913161,0.7773953316215543,186.7502479942855,Fear
0.9586873163774723,0.9829859873258565,261.86944629997765,Panic
0.667024332185425,0.6328742294125891,182.05053534246525,Fear
0.6592842024720206,0.6068633951761608,180.43636846164057,Fear
0.6896233848167047,0.59329190641491,185.97983532460654,Fear
0.5488700070079142,0.493662516363842,212.43956263879204,Anxiety
0.45242508873076054,0.48501120303355727,186.1040287658133,Anxiety
0.7384467438982332,0.6581677934751451,199.50345860350893,Fear
0.7325168435849646,0.7341565408271066,225.32623635093486,Fear
0.906297185460901,0.974373249170189,298.11620923884584,Panic
0.5884320578495903,0.6966035046207222,206.6145283712848,Anxiety
0.45696244439568895,0.6512537200295175,170.97612853489971,Anxiety
0.6465788873197198,0.6542242086857819,229.75090679699505,Fear
0.28374574290747384,0.22762090699201623,151.7262444070888,Normal
0.9230429793193828,0.9656086571548504,261.0250383653063,Panic
0.10148205383421954,0.34811018884961487,150.8443680957542,Normal
0.7460103885952969,0.6181157508959113,193.64530372341176,Fear
0.5714602420741346,0.561814568063867,188.85311080972198,Fear
0.4720015068778631,0.6733836458746092,189.4633198404524,Anxiety
0.7011582485770604,0.7893150256352113,186.87271797518895,Fear
0.7358521950395784,0.5910359649348819,231.83614844759728,Fear
0.7150755955737944,0.7961247092017911,213.41283540887795,Fear
0.16863614618511114,0.4060236226210936,100.31945143426385,Normal
0.9546948035645536,0.9750241984764989,251.86217945175946,Panic
0.7202968898627988,0.6827586174179979,231.19037871880334,Fear
0.498008413090374,0.6095854376452724,202.7283095611799,Anxiety
0.239203035785185,0.36538108103654376,135.5148642651442,Normal
0.8373561614324742,0.8851126731436704,288.4642701458274,Panic
0.599118644385988,0.51874479799341,173.9822564517383,Anxiety
0.49205771080092076,0.6234613465680665,202.26993371562423,Anxiety
0.26094265202531114,0.283204590272918,145.29235173451363,Normal
0.2934118487638335,0.31390409349171017,136.71424508603945,Normal
0.6241267958692223,0.5440104477772891,217.13048550793278,Anxiety
0.6525165253694273,0.6375973878477111,218.53917905854465,Fear
0.5350962094193873,0.5691419858950046,184.80327550194735,Anxiety
0.6879413790355816,0.6476932659330085,188.6963934853392,Anxiety
0.682986034913593,0.6783945028506737,196.2680240909749,Anxiety
0.27242541059115577,0.41303693695000293,133.5511527987909,Normal
0.5252897549463613,0.5945574465423784,194.90648370919902,Anxiety
0.9521359522441932,0.9855007102593152,282.0798251470391,Panic
0.8104552744544412,0.8506914259346032,255.1972801531382,Panic
0.923363376875115,0.9197274357659723,270.47782999370986,Panic
0.6045115497630802,0.7614637042124379,209.09953707464996,Fear
0.4753162952468524,0.6681435048244111,195.38183613281737,Anxiety
0.47863321708158707,0.6992476257031377,191.2777938848359,Anxiety
0.6063019241544751,0.5732701101092236,213.62111844119772,Fear
0.21356768109010632,0.37988960331635874,106.44719298651319,Normal
0.27560438203759113,0.35852298626995976,159.07866216240197,Normal
0.6132584697451249,0.7928211758095713,195.40989447402353,Fear
0.6159495980106671,0.5724570151366806,195.87162799064816,Anxiety
0.6882811531269912,0.5791840112350161,210.95536630888438,Anxiety
0.8223187849533334,0.9679529448077206,319.80191759980073,Panic
0.9901187931862249,0.9718260719502467,265.98489299251935,Panic
0.6091276663559273,0.6743139473851746,236.65377476185537,Fear
0.6437208580632372,0.5481837785560568,195.21903521493834,Anxiety
0.9649362478455873,0.8552237264886917,315.12566605310707,Panic
0.8263620746994919,0.9773179192337893,302.6175836921996,Panic
0.12672132387226515,0.3650297257490435,150.1647565100103,Normal
0.7068374358464159,0.7289855570609478,223.356703490067,Fear
0.2763723871446586,0.3864660595913333,147.68083453064844,Normal
0.9509880400316658,0.865870704849991,259.6762460749736,Panic
0.3135040834171966,0.40061495383434265,102.48246294803559,Normal
0.5582432624599265,0.46775614191233167,194.39383029990296,Anxiety
0.6684554552905633,0.4799561896773168,192.55446437334157,Anxiety
0.12156229282599124,0.43414140291450154,122.69178097169313,Normal
0.5806734435111343,0.4895230843207122,176.23680566108396,Anxiety
0.8270837699635657,0.8582587494411011,260.1297445295564,Panic
0.20820039030657939,0.32326917744689354,115.93656745998489,Normal
0.6555544418137754,0.6620087576782063,207.66201408586872,Fear
0.2559722357907426,0.34062802978382917,124.12786930173259,Normal
0.9875529118636448,0.9724305916586243,312.2391374993401,Panic
0.6356227139494484,0.7640743983426692,237.65424924773757,Fear
0.7423524956690938,0.6247358186207549,216.06495992359294,Fear
0.6847773051831723,0.5124996838059579,196.75602538367025,Anxiety
0.5802038965360206,0.5171392851551603,208.83034198981954,Anxiety
0.2989782856050391,0.31876974501256095,147.5978846019241,Normal
0.9234708501976134,0.8809821628539688,263.8860777893391,Panic
0.1078403922011471,0.24256728428214858,137.97603282826267,Normal
0.5387829410064291,0.5517910746167812,190.45983218928248,Anxiety
0.7069011204592435,0.5556061927165549,218.05976143544277,Fear
0.5740188696251327,0.49227597510516286,176.30678931478826,Anxiety
0.5920923495366425,0.5954764991838263,194.40417918643072,Fear
0.7317961783829728,0.6913791468738997,226.15019217141526,Fear
0.5047425317764503,0.5741374534004577,183.8498909227358,Anxiety
0.8344388534851509,0.8541926415742439,269.9938619778504,Panic
0.8876879689923051,0.8060586452959252,303.9449768910333,Panic
0.1684787176574759,0.24996824366236092,113.9115768329709,Normal
0.9869303905414442,0.8017138421621481,253.34597967604245,Panic
0.20197123171258974,0.2284863173611359,140.56850731608742,Normal
0.6418966602100331,0.797533663500408,193.6131548881767,Fear
0.3384802009616805,0.40355219176366575,154.23890179535712,Normal
0.5886492213864974,0.6607944801632101,194.0490123023164,Anxiety
0.5686574769443937,0.7216334086755793,237.59500137852547,Fear
0.9011171662368795,0.8826406761193718,311.37897723172307,Panic
0.5998233915776197,0.5690845733735915,216.64231106801495,Anxiety
0.1404917961007351,0.3752044906596699,155.60840254660243,Normal
0.9166037294888273,0.9817835488242908,315.939401281871,Panic
0.10094192363763327,0.3578443590988573,135.79096004191786,Normal
0.6573736435941204,0.7732384791529847,230.79325934792416,Fear
0.2586337333415269,0.33317790550974635,123.55157190506964,Normal
0.16659441035750594,0.4248632711384588,155.6419845676932,Normal
0.5802071826351853,0.5620917338578941,182.8044213119212,Anxiety
0.21898555438693101,0.23064578912679576,155.67605207422127,Normal
0.4639182037384939,0.6493793516739714,177.7030826430324,Anxiety
0.47513258967295896,0.5740548698724811,204.49821785631812,Anxiety
0.4537022152831563,0.66026124562814,195.67489806709287,Anxiety
0.5731304635051271,0.6787215375303759,194.4598258990308,Anxiety
0.6037198323002172,0.6603156692705789,229.95654078230314,Fear
0.6083838234040425,0.5121339359817733,185.20776272427327,Anxiety
0.9614383940804321,0.9514804396662055,274.9856108563695,Panic
0.9549716804363912,0.8259412515980055,281.76276321752476,Panic
0.8869314636102169,0.8661589989562086,262.50639637373723,Panic
0.11118785848155954,0.2741101811948493,116.80804712652278,Normal
0.5295408176056635,0.5049047613698343,203.8733384467231,Anxiety
0.9327408957852512,0.8762201027223628,300.3629161919367,Panic
0.3441254934115031,0.36116807151807107,116.67201400863365,Normal
0.4699472809085001,0.5544923858966317,217.14563556958782,Anxiety
0.6539551308157416,0.6836997424183748,212.046192188673,Anxiety
0.25273663142566327,0.40507324015229434,124.24659086457743,Normal
0.6488041466325957,0.6922594065756382,193.364367909106,Anxiety
0.2412684478700263,0.4371762295597952,154.1347373857739,Normal
0.10445844754840583,0.3352903897751646,105.30921374194084,Normal
0.16628081536143485,0.32376398641364623,150.7920695874043,Normal
0.46602114690101654,0.49487506512358764,208.2802409128896,Anxiety
0.6963552190075345,0.5494202026663172,201.0813560792956,Fear
0.5368999536146627,0.6281929483792261,197.7502836167243,Anxiety
0.6610526645215881,0.5299795631163229,228.30106159407768,Fear
0.3368834626833613,0.28896147781124265,114.99257260992866,Normal
0.97693499699067,0.9232448503213906,280.0107599226037,Panic
0.8148663102720692,0.9954738121555271,309.0510861915478,Panic
0.617542154944845,0.742902277426422,221.74065979292033,Fear
0.6765978705905398,0.5825288912588288,176.88814646992597,Anxiety
0.1528157292345491,0.35816925871034,158.56083553592765,Normal
0.6890548265888834,0.6031560726627738,221.63284132249933,Fear
0.9686855591418099,0.9523485412939032,254.08080427036498,Panic
0.9208410959726608,0.9759704096077432,272.7262887029636,Panic
0.7212570256093525,0.5337148924786128,200.86427013355893,Fear
0.9644422310615408,0.8591204555008443,299.37538836276775,Panic
0.30887153891082403,0.24066305454747516,151.26075896696292,Normal
0.14715512976065778,0.2283684094068598,132.8007699933272,Normal
0.1484984890558493,0.2712131691526534,130.30984109759888,Normal
0.9618065399014664,0.8490609434118163,293.0659741960142,Panic
0.645196370841369,0.49794336457341776,172.50322635466472,Anxiety
0.29449610649711355,0.32325727613025984,133.84761662571978,Normal
0.8818895875254619,0.9752627939831018,270.8585856263589,Panic
0.14456544537219337,0.4466119315066841,142.90458204266653,Normal
0.9069745511517511,0.9753196237670038,313.8739537961258,Panic
0.932960008773417,0.8678261630969406,254.935346889778,Panic
0.7497234638328769,0.570622174652458,223.61879228074892,Fear
0.6072732135774317,0.7292732663659436,212.37695103611023,Fear
0.5720837282510837,0.45564242414336065,204.34637083871513,Anxiety
0.9683031448124246,0.8022056896998273,271.8489793814674,Panic
0.20179343464971883,0.25806834119762523,132.0880586151501,Normal
0.24915763308928526,0.2217157269965457,142.10281804396573,Normal
0.638484421110356,0.47759855856248346,193.39012060186695,Anxiety
0.2603483121808291,0.39253282298222986,108.49312656862637,Normal
0.6534922018768583,0.7773063038581401,212.94499335412337,Fear
0.8750492817188101,0.9968386783437126,252.12374727728226,Panic
0.5213513225757104,0.661052396444058,191.6198180092545,Anxiety
0.6046657753331781,0.7773988064874788,201.25476019135465,Fear
0.17266074232663275,0.2743731674981671,117.78088461283484,Normal
0.27410944817555327,0.2411568116413538,108.92035382177093,Normal
0.49279618595878133,0.4761205988269587,181.875806029703,Anxiety
0.9944333247481381,0.8028553963371665,292.0921777035306,Panic
0.6290157633548895,0.530798516331084,185.93486286426986,Anxiety
0.6718906146031707,0.5207542414709424,191.89819819812843,Anxiety
0.6648586457083877,0.5140637309722681,189.00974989875888,Anxiety
0.17621983934780178,0.4475439484076796,104.5510934369413,Normal
0.5539366430762828,0.7206927980034096,209.22096243097437,Fear
0.5146704434503571,0.628890706833058,206.07882630425135,Anxiety
0.22804248898347176,0.2900355285347345,127.90211948384037,Normal
0.4802499418780166,0.4921754107009364,185.78978222541255,Anxiety
0.9630360463939778,0.9957712030356469,311.6176241297181,Panic
0.19340866302318105,0.3721918789897879,140.25972766781896,Normal
0.6035459309961348,0.6510800815242931,214.96251534907825,Anxiety
0.8164698287928571,0.8005402433668327,280.2820928169849,Panic
0.19083111889225252,0.3253377484084365,102.60383071471365,Normal
0.1423329643517354,0.4079975132775868,134.31089973342674,Normal
0.2238294117334772,0.3069229470083653,157.36118262919402,Normal
0.25390298798058974,0.2237616146654214,157.03206847169,Normal
0.7358041771433602,0.6133905066923853,207.8205483463907,Fear
0.805084137035905,0.807881907058078,291.12587355987455,Panic
0.586132823226127,0.5830775658449776,173.7935820612024,Anxiety
0.9645035603996697,0.8437480646208186,267.00779209181997,Panic
0.28008072911964,0.3323589351353191,123.72934457101421,Normal
0.6481294998681454,0.7898299618194446,229.9342764936737,Fear
0.5649491807272632,0.6382054920446402,233.44944789063766,Fear
0.4930976170839289,0.5393707758729707,206.47130469913574,Anxiety
0.736682664089911,0.6089397770778386,230.68255002455174,Fear
0.45523300737301836,0.6010289062452374,203.53515370729468,Anxiety
0.10844728773706216,0.34828899888178355,111.20397964584225,Normal
0.5225736289247287,0.6466359139775117,177.96951328744606,Anxiety
0.47684027961266695,0.48640718463136284,171.6718992780549,Anxiety
0.7153807088053937,0.5294016244612825,222.23652494531774,Fear
0.9466723029464187,0.9274997605868327,295.1694428726494,Panic
0.26063295883484155,0.26878193934402306,130.42863295842312,Normal
0.6673640890147128,0.7498337213069884,184.3363025406811,Fear
0.8497632630676445,0.9322466766523732,299.69335320457253,Panic
0.6741665265548386,0.7672986123932795,209.77055556606692,Fear
0.8622750884326642,0.9743595542049326,260.9116488270864,Panic
0.1128335928309194,0.29503753548941747,120.23426505015053,Normal
0.5815407242518984,0.5756807268802537,189.398842701818,Fear
0.6048523700317799,0.6642835952428429,188.670913434417,Fear
0.13835439485272186,0.30528396406062486,104.11016755431365,Normal
0.8813135615810982,0.8711243998515131,305.3702851845785,Panic
0.6391894610641148,0.5673982100315215,223.61181396106838,Fear
0.6025848495264294,0.612649586606216,209.86539381641379,Fear
0.5610075417785433,0.5562051252987281,234.56764788292628,Fear
0.6431244615240784,0.49273622339189643,172.19523068153185,Anxiety
0.18957236590597054,0.4069571517665482,101.3562663615536,Normal
0.5013420461724963,0.6343069193124566,204.98565385771684,Anxiety
0.551055010973304,0.5623706905252699,218.59622753511675,Anxiety
0.722049562195493,0.7063695936437226,236.32499329678996,Fear
0.3303584072561133,0.3057688806991207,116.72534796811775,Normal
0.8779314844576231,0.9483206039474418,277.05103456515724,Panic
0.9605932602217133,0.8854265062096782,266.3479261348458,Panic
0.5463676086749338,0.4895601854538157,204.76771253659348,Anxiety
0.8589731256139395,0.9826825876328065,269.28896690848603,Panic
0.3340881394562463,0.20463114418648898,126.26663631337414,Normal
0.7083390198403493,0.557947325336294,220.07546841576507,Fear
0.5764323555050048,0.6129162613203426,220.33577639595396,Fear
0.6582455186746093,0.696791959907551,185.8979915829809,Anxiety
0.17183258330691237,0.24047390251308962,114.95772100027668,Normal
0.6898212410799396,0.7765367699325578,202.40271357221042,Fear
0.14889266177538077,0.36041892754037397,149.03555613925136,Normal
0.20008889856748963,0.41759897705642546,121.54970945682513,Normal
0.5263610566371204,0.636150919750845,172.37588786035553,Anxiety
0.9157833065185436,0.8785398226717883,290.44150391125896,Panic
0.6896148676957298,0.6163856505964677,189.59479470144765,Fear
0.20624881010496582,0.235194585003058,130.79431432578755,Normal
0.9014788187689922,0.8657839556421449,285.5818185993686,Panic
0.11866541116130602,0.42861009243851184,101.2386063727476,Normal
0.8901164985632235,0.857105014343068,270.8629765953949,Panic
0.8020142269664566,0.85495805288436,257.6579947822234,Panic
0.8786705677495524,0.9693101551639726,279.88337244454124,Panic
0.980046971486422,0.9045963030211666,258.0154337528287,Panic
0.3022586375600854,0.39518318250716744,112.90028609620171,Normal
0.6179730039090932,0.677904551375857,195.10810053818267,Anxiety
0.45065803889489703,0.562725913273287,187.62163657694208,Anxiety
0.1352259859219959,0.25447611745384624,138.86020016271854,Normal
0.5066074012719125,0.570178514121089,194.94255118721372,Anxiety
0.2834738427248983,0.21839532362242273,137.74681719472716,Normal
0.6425222578135205,0.5655821243648207,205.70435113425089,Anxiety
0.16515836368925035,0.24072914825040478,120.20914665804742,Normal
0.5011208652989558,0.49654125893651757,176.28305727897913,Anxiety
0.5170705488848719,0.6605060545162377,185.67875660320155,Anxiety
0.28656372358755133,0.35115317837630544,141.18199639472078,Normal
0.2554906560327441,0.2988391277153458,146.09240606844943,Normal
0.5565953887365187,0.755566394741115,221.0414917015243,Fear
0.6148447321503662,0.5372900966414375,203.51598169907714,Anxiety
0.8072074754998375,0.9865558249375469,274.1625886806941,Panic
0.5353767776710109,0.6448941122153173,198.76041465314006,Anxiety
0.6038980100266726,0.5728144960395749,239.5003831699007,Fear
0.6100075970879201,0.6848150572278809,170.09659571457527,Anxiety
0.342713549466925,0.43686930859890616,153.07431922349576,Normal
0.964099288931571,0.8089413862837724,302.88017704354195,Panic
0.8360847644162741,0.9532051799038593,273.7160818948979,Panic
0.14630187791097338,0.37032829633697106,132.00369349040827,Normal
0.6575046200406097,0.7985478230600365,203.94655797344555,Fear
0.8213118960935536,0.9811978301298404,252.88752264302113,Panic
0.6844717440237208,0.5855897376230803,208.419996447439,Anxiety
0.6117778152435236,0.45826304871985996,170.05657375604352,Anxiety
0.1632137446906397,0.3293503224562415,100.89767189537804,Normal
0.2220242539682068,0.37800733926361285,152.13708367604838,Normal
0.6113364058126519,0.5536839506324984,216.51755885665338,Anxiety
0.7052342984080447,0.7914452645126933,207.98361704162284,Fear
0.23997079139424593,0.3974184034481889,144.3283030047212,Normal
0.6687501504814359,0.5047207941120633,195.5731349198993,Fear
0.6570683912039971,0.5129633405864272,208.86510740719592,Anxiety
0.725560959721797,0.7294658480495889,181.3293977649746,Fear
0.6228819731990807,0.6059014252915509,218.18236234257543,Fear
0.7225725154258565,0.6426248711312044,239.66700531273506,Fear
0.2979100180457657,0.3189260195472641,132.19739678412964,Normal
0.5410965775349462,0.4530311875219362,182.45872486211832,Anxiety
0.49064176716586966,0.6988791121475811,175.94262892381187,Anxiety
0.5810553206354662,0.736773136805639,201.51045787172004,Fear
0.6527538437330173,0.6647465977580291,219.57971178320832,Anxiety
0.6558368692365351,0.6201509675297883,209.49873797849168,Anxiety
0.31199292332814754,0.2919145115147771,135.46572283213683,Normal
0.5586912492602342,0.7711940027167523,211.65382328140834,Fear
0.5934903793754074,0.6657571948125711,194.06913558742139,Anxiety
0.6466622897394588,0.6007910922141535,189.2695941723623,Fear
0.31225862832086826,0.3303998782477804,155.996584742744,Normal
0.6945813691112618,0.6320965465251831,202.18742662214618,Anxiety
0.14937157041300808,0.42769947776221695,110.47503908058161,Normal
0.5013179852009504,0.6280470484185285,198.98899212847078,Anxiety
0.6698198650205505,0.5266788568265072,183.49006552325548,Fear
0.7057127695093519,0.7203213927629741,214.47447020838104,Fear
0.5914378910561455,0.5413628711633184,216.80731677160566,Anxiety
0.6285329984005381,0.542486033013617,183.9483097210097,Anxiety
0.8368082069642894,0.8591852697960577,300.1933557094973,Panic
0.7481063810167636,0.7405242250537283,224.89660921526252,Fear
0.47506034256689783,0.6294401362040577,203.99090626099849,Anxiety
0.6655524101883097,0.6356826823635225,190.71541561670864,Anxiety
0.5797576567698306,0.6675153432710665,235.04093409040493,Fear
0.7426968557312346,0.773081531376185,217.8312685348904,Fear
0.5560847079308172,0.5984441541545206,234.49137574179016,Fear
0.7008462646699097,0.6414620379764496,188.99028805127807,Fear
0.5745038285074188,0.5636083551506686,181.77251811668958,Fear
0.6109271664587154,0.6629660283101483,181.22862500173187,Fear
0.2535226844939254,0.33297767422032565,105.51102023375206,Normal
0.6117919430127463,0.6217215195954391,208.82016610110514,Anxiety
0.6558065898116248,0.47576042335774565,181.37241270323997,Anxiety
0.9905330856196732,0.8772272797057143,305.08496741276633,Panic
0.26928187214347543,0.41862632375951925,144.9530299054539,Normal
0.1497293398788167,0.21993463935736535,150.22132783889984,Normal
0.17233810255556153,0.2633752540264433,119.85322526162766,Normal
0.7327339194885438,0.641085180878971,214.1490588392743,Fear
0.6845427223000873,0.6161391526913444,195.07846122852942,Fear
0.5607125493688027,0.5296173564005764,206.16147293027672,Anxiety
0.9333810773368421,0.846805635061375,291.16603720982886,Panic
0.29248335898717154,0.4143713134340551,100.01111171772656,Normal
0.591364091518527,0.6288764886552822,175.481409720172,Anxiety
0.17593327227213634,0.28419815277052674,134.06968667033897,Normal
0.9913983537740882,0.8120873089881129,281.0277409032474,Panic
0.567523989612879,0.5474438299055718,189.63542660721086,Anxiety
0.9268505306903074,0.8707811334423634,292.23278959512186,Panic
0.5597271850515597,0.6882917941927917,200.41066361897876,Anxiety
0.8649597830760721,0.8586779351165957,252.33925962935416,Panic
0.5659283212578047,0.6750306904132655,236.8722101171808,Fear
0.9637475980909305,0.8249228415415043,310.0359191769279,Panic
0.6270424804588927,0.5588663812679946,182.51231626314686,Anxiety
0.8747281636933397,0.8665824192462807,262.3307738752002,Panic
0.7002294487902883,0.7800126497425907,199.02439312582146,Fear
0.6787735855110253,0.7288846635534684,225.5691941512984,Fear
0.9407016288176682,0.9195821984526665,284.2925621068922,Panic
0.6506418833503086,0.5042238989848672,180.41745523819748,Fear
0.6358642683935273,0.7898168398295597,216.24653406905082,Fear
0.8057040049677296,0.9818608292812099,250.5756191972224,Panic
0.5568583356621085,0.7107015302305586,196.745108169077,Fear
0.6134752865923143,0.6180585374501513,170.26695709848443,Anxiety
0.3438923658390205,0.35406762230229794,156.1688862707814,Normal
0.6189573857309073,0.7680945947271443,197.49101568907153,Fear
0.7233528004582688,0.6557680232568583,239.59356403683296,Fear
0.15622420143260182,0.3395335395320538,145.8455800127789,Normal
0.8233205932857602,0.8735574170961128,251.78130003065274,Panic
0.9970414651822188,0.9619826240612182,282.21446327096305,Panic
0.2164425488744819,0.32800790467287244,108.21512943973977,Normal
0.639524774533105,0.7325572307881718,211.60613443616953,Fear
0.23423081535502924,0.381941010128236,107.28788625442765,Normal
0.5959922830802069,0.544440176604915,219.22979782966067,Fear
0.7254749041082783,0.7228726159861167,233.9914369109517,Fear
0.9872685506796456,0.9614741879584979,294.4915437405731,Panic
0.6174005582674518,0.5387012525069776,211.38780677437347,Fear
0.6384308227573166,0.5170521712137165,238.70966788030745,Fear
0.5542344727470757,0.6044040061290479,223.13954852388366,Fear
0.8064127034189084,0.9224622577680793,300.1321713869502,Panic
0.5626189362366432,0.5323567328460543,219.0150431787714,Fear
0.8322833975375148,0.8743989519578323,309.29084247723586,Panic
0.7430884441477421,0.6248782998080226,195.92995303309692,Fear
0.16030169365700575,0.24203527147368678,158.32575959273868,Normal
0.6477558776459332,0.6223983086744457,192.67710225419626,Fear
0.5056509091353094,0.5153000428184782,195.5951060634812,Anxiety
0.9266624348873221,0.8924980420811187,288.92366969959727,Panic
0.6908847242954973,0.6476349971257584,185.65458398427154,Fear
0.9337907420136549,0.9494016999193919,314.1149422272647,Panic
0.288570583258804,0.2051277298300978,114.96254727975352,Normal
0.9287048320748379,0.8030426190390711,310.28633883207164,Panic
0.648607024308041,0.7540349081506488,216.0443864670236,Fear
0.5587003834424569,0.5001916822648338,175.3780695885217,Anxiety
0.8920642780114797,0.8078903905845384,251.01294490520056,Panic
0.7154768387214716,0.70359483115486,183.91198600236902,Fear
0.8063713525056521,0.8938605992720015,314.723597248977,Panic
0.5425369795876043,0.46778881397064526,214.70536589023666,Anxiety
0.6538560164790543,0.7573855836207009,203.4826856018248,Fear
0.5854863304499197,0.6432464151387283,209.6758662401679,Fear
0.6488954591355707,0.5542638090581764,181.45583069556994,Anxiety
0.5585466479908674,0.48278030237912495,192.76820672807503,Anxiety
0.2540277001039303,0.3185813926375728,123.49999257272853,Normal
0.8067300664270114,0.9348865112937194,278.3224118062804,Panic
0.6496301440502297,0.6372895623635526,211.13337189906488,Fear
0.8454981781738125,0.8951241228616518,279.7077404923975,Panic
0.8129668437572383,0.9525305117512282,279.9209344599592,Panic
0.5599139335147912,0.5615716671185877,190.54607848469195,Anxiety
0.627579705790346,0.6127879728921991,218.40292781580337,Fear
0.4868809585443367,0.4741376196494363,170.67114575600638,Anxiety
0.13405841288643142,0.3576002315089999,118.07354488373676,Normal
0.6199946371626903,0.4714377627277761,193.04603864598297,Anxiety
0.6293586127195634,0.640663372477871,180.07307478965802,Anxiety
0.9433107279558,0.919585885363966,264.82595020070835,Panic
0.8642924955895609,0.8319259866505528,264.3627983376613,Panic
0.9289126309263644,0.9456705674953124,283.4667913172755,Panic
0.6939957798481124,0.5328034536557803,175.93278515981262,Anxiety
0.7281653507148538,0.7929470102132747,222.01287953072006,Fear
0.17876412415189985,0.335470043319055,105.47469047825533,Normal
0.8565895136074663,0.8476575552896136,311.2585440146015,Panic
0.45461410476075564,0.5864021161067876,205.3395252198407,Anxiety
0.9214458900596781,0.8831468496646775,276.5741607239944,Panic
0.18265020249250047,0.41512787164686127,128.4256092243232,Normal
0.7437382900426086,0.5251537154013444,200.82282155722663,Fear
0.6578541554825778,0.5186430788877554,197.30494040016453,Anxiety
0.22650906755687017,0.2841026367958173,143.57092809678767,Normal
0.34174625450700935,0.24001852637168267,147.23955024744373,Normal
0.3097622920198393,0.43285554852155483,119.34671741109123,Normal
0.4601219560820761,0.5507223947391577,216.76089050854375,Anxiety
0.5971288078842845,0.7683569710732918,191.05590457024462,Fear
0.8168003429041252,0.93630520597733,297.6076788903294,Panic
0.27836434010851097,0.43155204360017096,105.30625524013014,Normal
0.5677707126761282,0.5494882640503334,185.5073610545401,Anxiety
0.7126286780598673,0.6834729636438204,226.74563660290622,Fear
0.5677265949499162,0.776669260951619,208.8142028082616,Fear
0.462141663264824,0.6009316793837827,210.0205431246839,Anxiety
0.5523796200696784,0.54368275563394,216.27646608234474,Anxiety
0.6168033229354768,0.697857922889522,205.66095025385525,Anxiety
0.5697314753465619,0.6857279285813359,188.62149643570405,Fear
0.9315136611569225,0.976623881334955,290.39293033930176,Panic
0.6468077880455697,0.7934808457996965,232.44622776397264,Fear
0.4885904424739751,0.5127466213807953,206.92419860930528,Anxiety
0.9641254786838074,0.825589988183953,319.85405940886017,Panic
0.6926923896732999,0.5010732633800095,182.7924912731441,Fear
0.9816517109354133,0.8618963158389734,318.34892556688396,Panic
0.3281752525892776,0.24820069866915168,123.36208062288404,Normal
0.5830277834592509,0.5694692692806826,181.174715712792,Anxiety
0.9580332773786925,0.8845517554176476,306.0360587218938,Panic
0.7411242759562713,0.5085893581506958,191.9836968066742,Fear
0.8119251048774538,0.9624912354837809,271.04823473389774,Panic
0.6681163808146346,0.6280158553522927,198.99809902675554,Anxiety
0.5334037227444204,0.45948457823398386,177.34802029519057,Anxiety
0.16251418962753827,0.30426218208022526,121.02821213907568,Normal
0.6304890276887185,0.7218510364718249,238.1108134129919,Fear
0.27619895903304664,0.4262695319486203,126.0764592320352,Normal
0.5067874366928318,0.45200796596890574,194.60408526942075,Anxiety
0.594582275676076,0.622307434090738,175.34416875435156,Anxiety
0.5675868146782834,0.5293385209000642,201.13130136809596,Anxiety
0.6253899943372545,0.5301102485285162,218.02674237259504,Fear
0.6698856784220837,0.5172715595908391,226.64673769520468,Fear
0.10053522983636881,0.29506029160334757,149.11255479433018,Normal
0.6176571184419819,0.7424233003101877,187.47031526194155,Fear
0.9808947854562575,0.9006456690772235,282.53489441562505,Panic
0.9183019064269965,0.9265998887693856,253.71180397208676,Panic
0.6535041838799824,0.6442150817245703,209.42908825542355,Anxiety
0.6145406191315834,0.5586058148408012,187.3216424485458,Anxiety
0.8388305393237099,0.8260911273102788,318.29234780123784,Panic
0.5922767450907009,0.5114981500178135,194.85702318761008,Anxiety
0.2616004341664499,0.3363407130334104,103.07238095141975,Normal
0.6166078470726789,0.6199886373751813,205.39960362135162,Fear
0.572952830580614,0.4929472773694417,183.93568575705746,Anxiety
0.5498504146852834,0.6112524538728918,189.77025052648537,Anxiety
0.6038540848610415,0.6771768973215755,216.6107145741985,Fear
0.9729987946059069,0.912579965271358,316.52404335597333,Panic
0.17216657566886512,0.4344969663648742,149.54028675876867,Normal
0.6265585662159819,0.5471820602229179,218.56511483757282,Fear
0.5874822575967554,0.6344679746324674,216.0615526493214,Fear
0.5910543349101317,0.5878717240105187,200.76665922564692,Fear
0.9677314308984915,0.8207153132206031,308.6410369035859,Panic
0.6723616895879192,0.6998412330481696,203.51768198308994,Anxiety
0.3269726501032082,0.29079729902271234,117.22913580625772,Normal
0.8865935093998107,0.8288271327978791,307.5925010335586,Panic
0.7019123667827817,0.755895190709041,238.37139628262057,Fear
0.5162890574263287,0.5138526052129608,200.67639420817866,Anxiety
0.6451963380698441,0.7981319308303796,223.734128147445,Fear
0.856812092415943,0.9761096684677915,272.9075215534072,Panic
0.6418318260751823,0.5755365360040653,202.21921052703132,Fear
0.1420534005835525,0.3061577899475727,127.65832313533893,Normal
0.3435078062430159,0.42786350086370983,109.70276669980647,Normal
0.988428496456081,0.835823856831391,257.22811666052576,Panic
0.9048075339735174,0.9144199633943251,309.71094912915476,Panic
0.6206612205732829,0.5020901972687143,193.08851831981394,Anxiety
0.6089297806125001,0.5150056462706559,209.23497362072706,Fear
0.6336770013934244,0.636935096410423,182.6167002206614,Anxiety
0.848957903805885,0.8098894873358695,309.41268903956643,Panic
0.717181916441191,0.7443661361059991,212.01630606733858,Fear
0.5992955819153473,0.5027016992793426,194.12828502065264,Fear
0.27773240918697084,0.27595178143409194,130.56896427063486,Normal
0.6680232844688941,0.5894125095040743,182.1038969411231,Fear
